ID;Item title;Final URL;Image URL;Item subtitle;Item description;Item category;Price;Contextual keywords;Item address
7122140;AUDI A3 2.0 16V TDI;http://www.autounica.com/it/audi/a3-2-0-16v-tdi-ambition-cerchi-17-clima-bi-zona_1970.htm;http://photohd.gestionaleauto.com/autounica/7122140/7122140_O_58399c6687ef7.jpg;Da Autounica a Brescia;Audi A3 2.0 16V TDI;AUDI;€ 6.900;142.228 Km; Novembre 2006; Diesel; 103KW / 140CV; Manuale; Antracite metallizza; Nero - Tessuto;- Brescia, BS - Via Valcamonica, 19/h - 45,5471165 ,10,1638985
7353253;CITROEN Grand C4 Picasso;http://www.autounica.com/it/citroen/grand-c4-picasso-2-0-hdi-exclusive-style-7-posti-sensori-cruise_2648.htm;http://photohd.gestionaleauto.com/autounica/7353253/7353253_O_58a46387d7c28.jpg;Da Autounica a Brescia;Citroen Grand C4 picasso;CITROEN;€ 9.900;103.927 Km; Luglio 2010; Diesel; 110KW / 150CV; Manuale; Rosso metallizzato; Nero - Tessuto;- Brescia, BS - Via Valcamonica, 19/h - 45,5471165 ,10,1638985
7386609;SKODA Fabia 1.6 TDI CR 5;http://www.autounica.com/it/skoda/fabia-1-6-tdi-cr-5-porte-monte-carlo-sens-uniproprietar_2675.htm;http://photohd.gestionaleauto.com/autounica/7386609/7386609_O_5891af41a81f3.jpg;Da Autounica a Brescia;Skoda Fabia 1.6 TDI CR 5;SKODA;€ 7.500;127.714 Km; Luglio 2011; Diesel; 77KW / 105CV; Manuale; Giallo pastello; Nero - Tessuto;- Brescia, BS - Via Valcamonica, 19/h - 45,5471165 ,10,1638985
7387486;ALFA ROMEO Giulietta 2.0;http://www.autounica.com/it/alfa-romeo/giulietta-2-0-jtdm-2-exclusive-aut-pelle-sens-led-cruise_2676.htm;http://photohd.gestionaleauto.com/autounica/7387486/7387486_O_589221dad7c1a.jpg;Da Autounica a Brescia;Alfa Romeo Giulietta 2.0;ALFA ROMEO;€ 10.900;124.637 Km; Novembre 2011; Diesel; 125KW / 170CV; Automatico; Rosso pastello; Nero - Pelle/Tessuto;- Brescia, BS - Via Valcamonica, 19/h - 45,5471165 ,10,1638985
7387618;CITROEN DS3 1.6 HDI 110;http://www.autounica.com/it/citroen/ds3-1-6-hdi-110-just-black-sens-led-cruise-unipropriet_2677.htm;http://photohd.gestionaleauto.com/autounica/7387618/7387618_O_58922495d82df.jpg;Da Autounica a Brescia;Citroen DS3 1.6 HDI 110;CITROEN;€ 9.900;140.996 Km; Settembre 2010; Diesel; 82KW / 111CV; Manuale; Nero Opaco pastello; Nero - Alcantara;- Brescia, BS - Via Valcamonica, 19/h - 45,5471165 ,10,1638985
7388662;SMART ForTwo 1000 MHD;http://www.autounica.com/it/smart/fortwo-1000-mhd-coupe-pulse-aut-tetto-solo-28-000-km_2678.htm;http://photohd.gestionaleauto.com/autounica/7388662/7388662_O_58921107a90e0.jpg;Da Autounica a Brescia;Smart Fortwo 1000 MHD;SMART;€ 7.500;28.000 Km; Dicembre 2011; Benzina; 52KW / 71CV; Automatico; Bianco pastello; Nero - Pelle/Tessuto;- Brescia, BS - Via Valcamonica, 19/h - 45,5471165 ,10,1638985
7389094;NISSAN Juke 1.6 DIG-T 190;http://www.autounica.com/it/nissan/juke-1-6-dig-t-190-mcvt-4wd-tekna-4x4-aut-navi-pelle_2679.htm;http://photohd.gestionaleauto.com/autounica/7389094/7389094_O_58922739a3202.jpg;Da Autounica a Brescia;Nissan Juke 1.6 DIG-T;NISSAN;€ 12.900;84.996 Km; Marzo 2011; Benzina; 140KW / 190CV; Automatico; Grigio scuro metalli; Nero - Pelle;- Brescia, BS - Via Valcamonica, 19/h - 45,5471165 ,10,1638985
7391553;FIAT 500L 1.3 MULTIJET;http://www.autounica.com/it/fiat/500l-1-3-multijet-dualogic-pop-star-aut-neopat-26-000km_2680.htm;http://photohd.gestionaleauto.com/autounica/7391553/7391553_O_58930ce477acb.jpg;Da Autounica a Brescia;Fiat 500 L 1.3 MULTIJET;FIAT;€ 13.500;26.586 Km; Aprile 2014; Diesel; 62KW / 84CV; Automatico; Rosso pastello; Nero - Tessuto;- Brescia, BS - Via Valcamonica, 19/h - 45,5471165 ,10,1638985
7391674;TOYOTA Aygo 1.0 VVT-I 5;http://www.autounica.com/it/toyota/aygo-1-0-vvt-i-5-porte-now-clima-radio-cd_2681.htm;http://photohd.gestionaleauto.com/autounica/7391674/7391674_O_58930ee2742fe.jpg;Da Autounica a Brescia;Toyota Aygo 1.0 VVT-I 5;TOYOTA;€ 4.900;116.253 Km; Dicembre 2008; Benzina; 50KW / 68CV; Manuale; Rosso pastello; Nero - Tessuto;- Brescia, BS - Via Valcamonica, 19/h - 45,5471165 ,10,1638985
7391465;AUDI A3 CABRIO 2.0 TDI S;http://www.autounica.com/it/audi/a3-cabrio-2-0-tdi-s-tronic-ambition-aut-navi-sens_2682.htm;http://photohd.gestionaleauto.com/autounica/7391465/7391465_O_589309ef40c27.jpg;Da Autounica a Brescia;Audi A3 CABRIO 2.0 TDI S;AUDI;€ 15.900;107.499 Km; Dicembre 2009; Diesel; 103KW / 140CV; Automatico; Nero metallizzato; Nero - Tessuto;- Brescia, BS - Via Valcamonica, 19/h - 45,5471165 ,10,1638985
7391687;DS DS 3 1.6 HDI 110 JUST;http://www.autounica.com/it/ds/ds-3-1-6-hdi-110-just-black-sens-led-cruise-unipropriet_2683.htm;http://photohd.gestionaleauto.com/autounica/7391687/7391687_O_58930f634b81a.jpg;Da Autounica a Brescia;Citroen DS3 1.6 HDI 110;DS;€ 9.900;140.996 Km; Settembre 2010; Diesel; 82KW / 111CV; Manuale; Nero Opaco pastello; Nero - Alcantara;- Brescia, BS - Via Valcamonica, 19/h - 45,5471165 ,10,1638985
7393503;VOLKSWAGEN Golf 1.6 TDI 5;http://www.autounica.com/it/volkswagen/golf-1-6-tdi-5-porte-trendline-solo-81-000-km_2684.htm;http://photohd.gestionaleauto.com/autounica/7393503/7393503_O_589374cbb3119.jpg;Da Autounica a Brescia;Volkswagen Golf 1.6 TDI;VOLKSWAGEN;€ 11.500;81.805 Km; Marzo 2010; Diesel; 77KW / 105CV; Manuale; Bianco pastello; Nero - Tessuto;- Brescia, BS - Via Valcamonica, 19/h - 45,5471165 ,10,1638985
7393682;SUZUKI Grand Vitara 1.9;http://www.autounica.com/it/suzuki/grand-vitara-1-9-ddis-3-porte-4x4-unipropri-sens-solo-93-000-km_2685.htm;http://photohd.gestionaleauto.com/autounica/7393682/7393682_O_589446fcdafd7.jpg;Da Autounica a Brescia;Suzuki Grand Vitara 1.9;SUZUKI;€ 9.900;93.700 Km; Luglio 2007; Diesel; 95KW / 129CV; Manuale; Nero metallizzato; Nero - Tessuto;- Brescia, BS - Via Valcamonica, 19/h - 45,5471165 ,10,1638985
7396595;OPEL Zafira Tourer 2.0;http://www.autounica.com/it/opel/zafira-tourer-2-0-cdti-elective-7-posti-cruise-solo-84-000-km_2686.htm;http://photohd.gestionaleauto.com/autounica/7396595/7396595_O_5894c64aab875.jpg;Da Autounica a Brescia;Opel Zafira Tourer 2.0;OPEL;€ 13.500;84.131 Km; Dicembre 2012; Diesel; 81KW / 110CV; Manuale; Nero metallizzato; Nero - Tessuto;- Brescia, BS - Via Valcamonica, 19/h - 45,5471165 ,10,1638985
7399660;ALFA ROMEO Giulietta 1.6;http://www.autounica.com/it/alfa-romeo/giulietta-1-6-jtdm-2-exclusive-pelle-sens-cruise-80-000-km_2687.htm;http://photohd.gestionaleauto.com/autounica/7399660/7399660_O_5895a4142d491.jpg;Da Autounica a Brescia;Alfa Romeo Giulietta 1.6;ALFA ROMEO;€ 13.500;80.640 Km; Agosto 2012; Diesel; 77KW / 105CV; Manuale; Bianco pastello; Nero - Pelle/Tessuto;- Brescia, BS - Via Valcamonica, 19/h - 45,5471165 ,10,1638985
7399696;AUDI A3 SPB 2.0 TDI;http://www.autounica.com/it/audi/a3-spb-2-0-tdi-s-tronic-ambition-aut-sens-cerchi-17-_2688.htm;http://photohd.gestionaleauto.com/autounica/7399696/7399696_O_5895a582d4878.jpg;Da Autounica a Brescia;Audi A3 Sportback SPB;AUDI;€ 9.900;199.889 Km; Agosto 2009; Diesel; 125KW / 170CV; Automatico; Bianco pastello; Nero - Tessuto;- Brescia, BS - Via Valcamonica, 19/h - 45,5471165 ,10,1638985
7399647;ABARTH 500C C 1.4 TURBO;http://www.autounica.com/it/abarth/500c-c-1-4-turbo-t-jet-cabrio-sens-solo-48-000-km_2689.htm;http://photohd.gestionaleauto.com/autounica/7399647/7399647_O_5895a36aa3f55.jpg;Da Autounica a Brescia;Fiat 500 Abarth C 1.4;ABARTH;€ 14.900;48.384 Km; Giugno 2013; Benzina; 99KW / 135CV; Manuale; Bianco pastello; Nero - Tessuto;- Brescia, BS - Via Valcamonica, 19/h - 45,5471165 ,10,1638985
7399682;AUDI A1 SPB 1.6 TDI;http://www.autounica.com/it/audi/a1-spb-1-6-tdi-ambition-s-line-pelle-xenon-led-cerchi_2690.htm;http://photohd.gestionaleauto.com/autounica/7399682/7399682_O_5895a5204d6dd.jpg;Da Autounica a Brescia;Audi A1 SPB 1.6 TDI;AUDI;€ 15.900;105.196 Km; Novembre 2012; Diesel; 77KW / 105CV; Manuale; Azzurro perlato; Nero - Pelle/Tessuto;- Brescia, BS - Via Valcamonica, 19/h - 45,5471165 ,10,1638985
7399669;ALFA ROMEO MiTo 1.4 M.AIR;http://www.autounica.com/it/alfa-romeo/mito-1-4-m-air-s-s-distinctive-sens-cruise-91-000-km_2691.htm;http://photohd.gestionaleauto.com/autounica/7399669/7399669_O_5895a46da3056.jpg;Da Autounica a Brescia;Alfa Romeo Mito 1.4;ALFA ROMEO;€ 6.900;91.754 Km; Gennaio 2010; Benzina; 77KW / 105CV; Manuale; Nero metallizzato; Nero - Tessuto;- Brescia, BS - Via Valcamonica, 19/h - 45,5471165 ,10,1638985
7399688;AUDI A3 SPB 2.0 TDI;http://www.autounica.com/it/audi/a3-spb-2-0-tdi-ambition-navi-sens-xenon-led-cruise_2692.htm;http://photohd.gestionaleauto.com/autounica/7399688/7399688_O_5895a561dcf91.jpg;Da Autounica a Brescia;Audi A3 SPB 2.0 TDI;AUDI;€ 18.900;101.422 Km; Novembre 2013; Diesel; 110KW / 150CV; Manuale; Nero metallizzato; Nero - Tessuto;- Brescia, BS - Via Valcamonica, 19/h - 45,5471165 ,10,1638985
7399717;AUDI A4 allroad 2.0 TDI;http://www.autounica.com/it/audi/a4-allroad-2-0-tdi-business-quattro-navi-sens-63-000-km_2693.htm;http://photohd.gestionaleauto.com/autounica/7399717/7399717_O_5895a65a0b6b4.jpg;Da Autounica a Brescia;Audi A4 Allroad 2.0 TDI;AUDI;€ 29.900;63.319 Km; Agosto 2014; Diesel; 110KW / 150CV; Manuale; Nero metallizzato; Nero - Tessuto;- Brescia, BS - Via Valcamonica, 19/h - 45,5471165 ,10,1638985
7399740;AUDI A4 AVANT 2.0 TDI;http://www.autounica.com/it/audi/a4-avant-2-0-tdi-quattro-multitronic-aut-navi-xenon_2694.htm;http://photohd.gestionaleauto.com/autounica/7399740/7399740_O_5895a74979628.jpg;Da Autounica a Brescia;Audi A4 AVANT 2.0 TDI;AUDI;€ 23.900;84.000 Km; Gennaio 2012; Diesel; 130KW / 177CV; Automatico; Nero pastello; Nero - Tessuto;- Brescia, BS - Via Valcamonica, 19/h - 45,5471165 ,10,1638985
7399732;AUDI A4 AVANT 2.0 TDI;http://www.autounica.com/it/audi/a4-avant-2-0-tdi-multitronic-ambiente-aut-navi-sens_2695.htm;http://photohd.gestionaleauto.com/autounica/7399732/7399732_O_5895a702c4174.jpg;Da Autounica a Brescia;Audi A4 AVANT 2.0 TDI;AUDI;€ 21.900;93.313 Km; Settembre 2014; Diesel; 110KW / 150CV; Automatico; Blu metallizzato; Nero - Tessuto;- Brescia, BS - Via Valcamonica, 19/h - 45,5471165 ,10,1638985
7399721;AUDI A4 allroad 2.0 TDI;http://www.autounica.com/it/audi/a4-allroad-2-0-tdi-s-tronic-advanced-4x4-aut-xenon-sens-cerch_2696.htm;http://photohd.gestionaleauto.com/autounica/7399721/7399721_O_5895a68bd1e4d.jpg;Da Autounica a Brescia;Audi A4 Allroad 2.0 TDI;AUDI;€ 23.900;153.495 Km; Gennaio 2013; Diesel; 130KW / 177CV; Automatico; Blu metallizzato; Nero - Tessuto;- Brescia, BS - Via Valcamonica, 19/h - 45,5471165 ,10,1638985
7399676;ALFA ROMEO MiTo 1.4 T;http://www.autounica.com/it/alfa-romeo/mito-1-4-t-quadrifoglio-verde-sens-solo-34-000-km_2697.htm;http://photohd.gestionaleauto.com/autounica/7399676/7399676_O_5895a4cfcca57.jpg;Da Autounica a Brescia;Alfa Romeo Mito 1.4 T;ALFA ROMEO;€ 10.900;34.607 Km; Maggio 2009; Benzina; 114KW / 155CV; Manuale; Rosso pastello; Nero - Tessuto;- Brescia, BS - Via Valcamonica, 19/h - 45,5471165 ,10,1638985
7399744;AUDI A6 Avant 2.0 TDI;http://www.autounica.com/it/audi/a6-avant-2-0-tdi-ultra-s-tronic-advanced-aut-navi_2698.htm;http://photohd.gestionaleauto.com/autounica/7399744/7399744_O_5895a775ce347.jpg;Da Autounica a Brescia;Audi A6 Avant Avant 2.0;AUDI;€ 33.900;97.378 Km; Dicembre 2014; Diesel; 140KW / 190CV; Automatico; Bianco pastello; Beige - Pelle;- Brescia, BS - Via Valcamonica, 19/h - 45,5471165 ,10,1638985
7400014;BMW 330 D XDRIVE COUPE';http://www.autounica.com/it/bmw/330-d-xdrive-coupe-attiva-4x4-aut-pelle-xenon-sens_2699.htm;http://photohd.gestionaleauto.com/autounica/7400014/7400014_O_5895b591ceeab.jpg;Da Autounica a Brescia;Bmw 330 D XDRIVE COUPE';BMW;€ 13.900;127.044 Km; Dicembre 2008; Diesel; 170KW / 231CV; Automatico; Antracite metallizza; Rosso - Pelle;- Brescia, BS - Via Valcamonica, 19/h - 45,5471165 ,10,1638985
7399805;AUDI Q3 2.0 TDI CERCHI;http://www.autounica.com/it/audi/q3-2-0-tdi-cerchi-17-sensori-cruise-xenon-led_2700.htm;http://photohd.gestionaleauto.com/autounica/7399805/7399805_O_5895aaecab331.jpg;Da Autounica a Brescia;Audi Q3 2.0 TDI euro 5B;AUDI;€ 19.900;126.180 Km; Maggio 2012; Diesel; 103KW / 140CV; Manuale; Bianco pastello; Nero - Tessuto;- Brescia, BS - Via Valcamonica, 19/h - 45,5471165 ,10,1638985
7399816;AUDI Q3 2.0 TDI QUATTRO;http://www.autounica.com/it/audi/q3-2-0-tdi-quattro-s-tronic-advanced-plus-4x4-aut-nav_2701.htm;http://photohd.gestionaleauto.com/autounica/7399816/7399816_O_5895ab859eed8.jpg;Da Autounica a Brescia;Audi Q3 2.0 TDI QUATTRO;AUDI;€ 20.900;159.868 Km; Settembre 2012; Diesel; 130KW / 177CV; Automatico; Grigio scuro metalli; Nero - Tessuto;- Brescia, BS - Via Valcamonica, 19/h - 45,5471165 ,10,1638985
7399822;AUDI Q5 2.0 TDI ADVANCED;http://www.autounica.com/it/audi/q5-2-0-tdi-advanced-quattro-s-tronic-s-line-navi-xeno_2702.htm;http://photohd.gestionaleauto.com/autounica/7399822/7399822_O_5895abadcbf74.jpg;Da Autounica a Brescia;Audi Q5 2.0 TDI CLEAN;AUDI;€ 38.900;37.343 Km; Luglio 2014; Diesel; 140KW / 190CV; Automatico; Antracite metallizza; Nero - Pelle/Tessuto;- Brescia, BS - Via Valcamonica, 19/h - 45,5471165 ,10,1638985
7399827;AUDI Q5 2.0 TDI QUATTRO;http://www.autounica.com/it/audi/q5-2-0-tdi-quattro-s-tronic-aut-4x4-sens-cerchi-17-_2703.htm;http://photohd.gestionaleauto.com/autounica/7399827/7399827_O_5895abfaae82b.jpg;Da Autounica a Brescia;Audi Q5 2.0 TDI QUATTRO;AUDI;€ 19.900;130.017 Km; Marzo 2010; Diesel; 125KW / 170CV; Automatico; Antracite metallizza; Nero - Tessuto;- Brescia, BS - Via Valcamonica, 19/h - 45,5471165 ,10,1638985
7400003;BMW 320 D CABRIO ATTIVA;http://www.autounica.com/it/bmw/320-d-cabrio-attiva-aut-pelle-sens-navi-cerchi-18-_2704.htm;http://photohd.gestionaleauto.com/autounica/7400003/7400003_O_5895b54416eac.jpg;Da Autounica a Brescia;Bmw 320 D Cabrio Attiva;BMW;€ 22.900;122.622 Km; Aprile 2012; Diesel; 135KW / 184CV; Automatico; Antracite metallizza; Nero - Pelle;- Brescia, BS - Via Valcamonica, 19/h - 45,5471165 ,10,1638985
7400017;BMW X3 2.0D ATTIVA 4X4;http://www.autounica.com/it/bmw/x3-2-0d-attiva-4x4-pelle-nera-cerchi-18-cruise_2705.htm;http://photohd.gestionaleauto.com/autounica/7400017/7400017_O_5895b5cfa43e3.jpg;Da Autounica a Brescia;Bmw X3 2.0 D ATTIVA euro;BMW;€ 8.500;181.515 Km; Maggio 2005; Diesel; 110KW / 150CV; Manuale; Antracite metallizza; Nero - Pelle;- Brescia, BS - Via Valcamonica, 19/h - 45,5471165 ,10,1638985
7399832;BMW 118 D 2.0 CABRIO;http://www.autounica.com/it/bmw/118-d-2-0-cabrio-futura-aut-pelle-sens-xenon-72-000-km_2706.htm;http://photohd.gestionaleauto.com/autounica/7399832/7399832_O_5895ac7854c4b.jpg;Da Autounica a Brescia;Bmw 118 D 2.0 CABRIO;BMW;€ 19.900;72.729 Km; Maggio 2012; Diesel; 105KW / 143CV; Automatico; Bianco pastello; Nero - Pelle;- Brescia, BS - Via Valcamonica, 19/h - 45,5471165 ,10,1638985
7400010;BMW 320 D TOURING ATTIVA;http://www.autounica.com/it/bmw/320-d-touring-attiva-aut-pelle-navi-cerchi-18-xenon_2707.htm;;Da Autounica a Brescia;Bmw 320 D Touring Attiva;BMW;€ 16.900;94.599 Km; Aprile 2011; Diesel; 135KW / 184CV; Automatico; Nero pastello; Nero - Pelle;- Brescia, BS - Via Valcamonica, 19/h - 45,5471165 ,10,1638985
7399830;BMW 116 I 5 PORTE JOY;http://www.autounica.com/it/bmw/116-i-5-porte-joy-start-stop-solo-56-000-km_2710.htm;http://photohd.gestionaleauto.com/autounica/7399830/7399830_O_5895ac40e2e34.jpg;Da Autounica a Brescia;Bmw 116 I 5 PORTE JOY;BMW;€ 14.500;56.358 Km; Maggio 2012; Benzina; 100KW / 136CV; Manuale; Blu metallizzato; Nero - Tessuto;- Brescia, BS - Via Valcamonica, 19/h - 45,5471165 ,10,1638985
7399812;AUDI Q3 2.0 TDI QUATTRO;http://www.autounica.com/it/audi/q3-2-0-tdi-quattro-s-tronic-4x4-aut-navi-xenon-sens_2711.htm;http://photohd.gestionaleauto.com/autounica/7399812/7399812_O_5895ab46d177a.jpg;Da Autounica a Brescia;Audi Q3 2.0 TDI QUATTRO;AUDI;€ 24.900;114.142 Km; Settembre 2012; Diesel; 130KW / 177CV; Automatico; Argento metallizzato; Nero - Tessuto;- Brescia, BS - Via Valcamonica, 19/h - 45,5471165 ,10,1638985
7400015;BMW 535 I FUTURA BERLINA;http://www.autounica.com/it/bmw/535-i-futura-berlina-aut-pelle-navi-telecam-38-000-km_2712.htm;http://photohd.gestionaleauto.com/autounica/7400015/7400015_O_5895b5ad8c5ba.jpg;Da Autounica a Brescia;Bmw 535 I Futura Berlina;BMW;€ 27.900;38.391 Km; Giugno 2010; Benzina; 225KW / 306CV; Automatico; Blu metallizzato; Beige - Pelle;- Brescia, BS - Via Valcamonica, 19/h - 45,5471165 ,10,1638985
7400077;BMW Z3 1.9 ROADSTER GPL;http://www.autounica.com/it/bmw/z3-1-9-roadster-gpl-pelle-rossa-cerchi-16-_2713.htm;http://photohd.gestionaleauto.com/autounica/7400077/7400077_O_5895b8314c2cb.jpg;Da Autounica a Brescia;Bmw Z3 1.9 ROADSTER GPL;BMW;€ 5.900;241.111 Km; Luglio 1996; Benzina/GPL; 103KW / 140CV; Manuale; Bianco perlato; Rosso - Pelle;- Brescia, BS - Via Valcamonica, 19/h - 45,5471165 ,10,1638985
7400088;FIAT 500C C 1.3 MULTIJET;http://www.autounica.com/it/fiat/500c-c-1-3-multijet-by-diesel-pelle-sens-solo-84-000-km_2716.htm;http://photohd.gestionaleauto.com/autounica/7400088/7400088_O_5895b8aaa84bf.jpg;Da Autounica a Brescia;Fiat 500 C C 1.3;FIAT;€ 10.900;84.521 Km; Luglio 2010; Diesel; 70KW / 95CV; Manuale; verde  scuro  metall; Nero - Pelle/Tessuto;- Brescia, BS - Via Valcamonica, 19/h - 45,5471165 ,10,1638985
7400095;FIAT Multipla 1.6 NATURAL;http://www.autounica.com/it/fiat/multipla-1-6-natural-power-dynamic-6-posti-sens-cerchi_2717.htm;http://photohd.gestionaleauto.com/autounica/7400095/7400095_O_5895b8d43b37d.jpg;Da Autounica a Brescia;Fiat Multipla 1.6;FIAT;€ 5.900;135.334 Km; Aprile 2007; Benzina/Metano; 76KW / 103CV; Manuale; Grigio metallizzato; Nero - Tessuto;- Brescia, BS - Via Valcamonica, 19/h - 45,5471165 ,10,1638985
7400432;FORD B-Max 1.5 TDCI;http://www.autounica.com/it/ford/b-max-1-5-tdci-business-neopatentati-solo-39-000-km_2719.htm;;Da Autounica a Brescia;Ford B-Max 1.5 TDCI;FORD;€ 12.900;39.486 Km; Novembre 2014; Diesel; 55KW / 75CV; Manuale; Nero metallizzato; Nero - Tessuto;- Brescia, BS - Via Valcamonica, 19/h - 45,5471165 ,10,1638985
7400472;FORD C-Max 1.6 TDCI;http://www.autounica.com/it/ford/c-max-1-6-tdci-titanium-navi-tetto-sens-cruise-108-000km_2720.htm;http://photohd.gestionaleauto.com/autounica/7400472/7400472_O_589f2dd9b889f.jpg;Da Autounica a Brescia;Ford C-Max 1.6 TDCI;FORD;€ 9.900;108.249 Km; Ottobre 2010; Diesel; 85KW / 116CV; Manuale; Antracite metallizza; Blu - Tessuto;- Brescia, BS - Via Valcamonica, 19/h - 45,5471165 ,10,1638985
7400544;MERCEDES-BENZ E 220 CDI;http://www.autounica.com/it/mercedes-benz/e-220-cdi-blueefficiency-avantgarde-aut-pelle-navi-sens_2721.htm;http://photohd.gestionaleauto.com/autounica/7400544/7400544_O_5895e4ce975f5.jpg;Da Autounica a Brescia;Mercedes-Benz E 220 CDI;MERCEDES-BENZ;€ 18.900;124.425 Km; Aprile 2010; Diesel; 125KW / 170CV; Automatico; Nero metallizzato; Bianco - Pelle;- Brescia, BS - Via Valcamonica, 19/h - 45,5471165 ,10,1638985
7400551;MERCEDES-BENZ GLK 320 CDI;http://www.autounica.com/it/mercedes-benz/glk-320-cdi-4matic-edition-1-4x4-aut-tetto-navi-pelle-xeno_2722.htm;http://photohd.gestionaleauto.com/autounica/7400551/7400551_O_5895e50ea1f93.jpg;Da Autounica a Brescia;Mercedes-Benz GLK;MERCEDES-BENZ;€ 18.900;109.718 Km; Agosto 2008; Diesel; 165KW / 224CV; Automatico; Bianco pastello; Bianco - Pelle;- Brescia, BS - Via Valcamonica, 19/h - 45,5471165 ,10,1638985
7400504;MAZDA 3 2.2 SKYACTIV-D;http://www.autounica.com/it/mazda/3-2-2-skyactiv-d-exceed-navi-xenon-sens-cerchi-18-_2723.htm;http://photohd.gestionaleauto.com/autounica/7400504/7400504_O_5895e29fd73a8.jpg;Da Autounica a Brescia;Mazda 3 2.2 SKYACTIV-D;MAZDA;€ 17.900;92.926 Km; Aprile 2015; Diesel; 110KW / 150CV; Manuale; Bianco pastello; Nero - Tessuto;- Brescia, BS - Via Valcamonica, 19/h - 45,5471165 ,10,1638985
7400483;FORD Kuga 2.0 TDCI 4WD;http://www.autounica.com/it/ford/kuga-2-0-tdci-4wd-powershift-titanium-aut-tetto-sens_2724.htm;http://photohd.gestionaleauto.com/autounica/7400483/7400483_O_5895e1a69a00a.jpg;Da Autounica a Brescia;Ford Kuga 2.0 TDCI 4WD;FORD;€ 15.500;117.490 Km; Maggio 2011; Diesel; 120KW / 163CV; Automatico; Bianco pastello; Nero - Pelle/Tessuto;- Brescia, BS - Via Valcamonica, 19/h - 45,5471165 ,10,1638985
7400487;HYUNDAI iX35 1.7 CRDI 2WD;http://www.autounica.com/it/hyundai/ix35-1-7-crdi-2wd-comfort-pelle-sens-solo-82-000-km_2725.htm;http://photohd.gestionaleauto.com/autounica/7400487/7400487_O_5895e1c48cd99.jpg;Da Autounica a Brescia;Hyundai Ix35 1.7 CRDI 2WD;HYUNDAI;€ 15.500;82.274 Km; Maggio 2013; Diesel; 85KW / 116CV; Manuale; Bianco pastello; Nero - Pelle;- Brescia, BS - Via Valcamonica, 19/h - 45,5471165 ,10,1638985
7400507;MAZDA CX-7 2.2L MZR CD;http://www.autounica.com/it/mazda/cx-7-2-2l-mzr-cd-sport-tourer-pelle-navi-tetto-telecam_2726.htm;;Da Autounica a Brescia;Mazda CX-7 2.2L MZR CD;MAZDA;€ 13.500;123.065 Km; Febbraio 2011; Diesel; 127KW / 173CV; Manuale; Bianco perlato; Nero - Pelle;- Brescia, BS - Via Valcamonica, 19/h - 45,5471165 ,10,1638985
7400547;MERCEDES-BENZ E 350 CDI;http://www.autounica.com/it/mercedes-benz/e-350-cdi-s-w-blueeff-4-matic-amg-4x4-aut-pelle-navi_2727.htm;http://photohd.gestionaleauto.com/autounica/7400547/7400547_O_5895e4eec7e49.jpg;Da Autounica a Brescia;Mercedes-Benz E 350 CDI;MERCEDES-BENZ;€ 16.900;254.803 Km; Dicembre 2010; Diesel; 195KW / 265CV; Automatico; Bianco pastello; Nero - Pelle;- Brescia, BS - Via Valcamonica, 19/h - 45,5471165 ,10,1638985
7400500;LAND ROVER Range Rover;http://www.autounica.com/it/land-rover/range-rover-evoque-2-2-td4-5-porte-pure-4x4-pelle-sens-solo-86-000km_2728.htm;http://photohd.gestionaleauto.com/autounica/7400500/7400500_O_5895e258001b5.jpg;Da Autounica a Brescia;Land Rover Range Rover;LAND ROVER;€ 27.900;86.944 Km; Giugno 2013; Diesel; 110KW / 150CV; Manuale; Bianco pastello; Nero - Pelle/Alcantara;- Brescia, BS - Via Valcamonica, 19/h - 45,5471165 ,10,1638985
7400511;MERCEDES-BENZ A 160 CDI;http://www.autounica.com/it/mercedes-benz/a-160-cdi-blueefficiency-elegance-neopaten-cruise-cerchi_2729.htm;http://photohd.gestionaleauto.com/autounica/7400511/7400511_O_5895e35146e84.jpg;Da Autounica a Brescia;Mercedes-Benz A 160 CDI;MERCEDES-BENZ;€ 8.900;159.783 Km; Marzo 2010; Diesel; 60KW / 82CV; Manuale; Bianco pastello; Nero - Tessuto;- Brescia, BS - Via Valcamonica, 19/h - 45,5471165 ,10,1638985
7400526;MERCEDES-BENZ B 180 CDI;http://www.autounica.com/it/mercedes-benz/b-180-cdi-automatic-premium-pelle-navi-telecam-full-led_2730.htm;http://photohd.gestionaleauto.com/autounica/7400526/7400526_O_5895e41ab434d.jpg;Da Autounica a Brescia;Mercedes-Benz B 180 CDI;MERCEDES-BENZ;€ 23.900;64.318 Km; Gennaio 2015; Diesel; 80KW / 109CV; Automatico; Bianco pastello; Nero - Pelle/Tessuto;- Brescia, BS - Via Valcamonica, 19/h - 45,5471165 ,10,1638985
7400554;MERCEDES-BENZ SLK 200;http://www.autounica.com/it/mercedes-benz/slk-200-kompressor-sport-cabrio-pelle-navi-cerchi-18-_2731.htm;http://photohd.gestionaleauto.com/autounica/7400554/7400554_O_5895e528430c2.jpg;Da Autounica a Brescia;Mercedes-Benz SLK;MERCEDES-BENZ;€ 14.900;94.289 Km; Aprile 2008; Benzina; 135KW / 184CV; Manuale; Argento metallizzato; Nero - Pelle;- Brescia, BS - Via Valcamonica, 19/h - 45,5471165 ,10,1638985
7400538;MERCEDES-BENZ C 320 CDI;http://www.autounica.com/it/mercedes-benz/c-320-cdi-elegance-berlina-aut-cruise-xenon-cerchi-17-_2732.htm;http://photohd.gestionaleauto.com/autounica/7400538/7400538_O_5895e4add0ad1.jpg;Da Autounica a Brescia;Mercedes-Benz C 320 CDI;MERCEDES-BENZ;€ 10.900;156.613 Km; Marzo 2008; Diesel; 165KW / 224CV; Automatico; Antracite metallizza; Nero - Tessuto;- Brescia, BS - Via Valcamonica, 19/h - 45,5471165 ,10,1638985
7400533;MERCEDES-BENZ B 200 CDI;http://www.autounica.com/it/mercedes-benz/b-200-cdi-sport-aut-pelle-cruise-bluetooth-cerchi-17-_2733.htm;http://photohd.gestionaleauto.com/autounica/7400533/7400533_O_5895e45a90e30.jpg;Da Autounica a Brescia;Mercedes-Benz B 200 CDI;MERCEDES-BENZ;€ 9.900;142.738 Km; Settembre 2008; Diesel; 103KW / 140CV; Automatico; Nero metallizzato; Nero - Pelle/Tessuto;- Brescia, BS - Via Valcamonica, 19/h - 45,5471165 ,10,1638985
7400493;KIA ceed Sportswagon 1.6;http://www.autounica.com/it/kia/ceed-sportswagon-1-6-crdi-vgt-tx-pelle-cerchi-17-sens-cruise_2735.htm;http://photohd.gestionaleauto.com/autounica/7400493/7400493_O_5895e20a602e2.jpg;Da Autounica a Brescia;Kia Cee'd;KIA;€ 5.900;141.204 Km; Ottobre 2007; Diesel; 84KW / 114CV; Manuale; Argento metallizzato; Nero - Pelle/Tessuto;- Brescia, BS - Via Valcamonica, 19/h - 45,5471165 ,10,1638985
7400520;MERCEDES-BENZ A 180 CDI;http://www.autounica.com/it/mercedes-benz/a-180-cdi-elegance-5-porte-automatica-cerchi-15-_2736.htm;http://photohd.gestionaleauto.com/autounica/7400520/7400520_O_5895e3bc5e69d.jpg;Da Autounica a Brescia;Mercedes-Benz A 180 CDI;MERCEDES-BENZ;€ 7.900;127.950 Km; Maggio 2007; Diesel; 80KW / 109CV; Automatico; Argento metallizzato; Nero - Tessuto;- Brescia, BS - Via Valcamonica, 19/h - 45,5471165 ,10,1638985
7400522;MERCEDES-BENZ B 180;http://www.autounica.com/it/mercedes-benz/b-180-blueefficiency-executive-gpl-solo-86-000-km_2737.htm;http://photohd.gestionaleauto.com/autounica/7400522/7400522_O_5895e3d72e17e.jpg;Da Autounica a Brescia;Mercedes-Benz B 180;MERCEDES-BENZ;€ 11.900;86.001 Km; Novembre 2010; Benzina/GPL; 85KW / 116CV; Manuale; Argento metallizzato; Nero - Tessuto;- Brescia, BS - Via Valcamonica, 19/h - 45,5471165 ,10,1638985
7400529;MERCEDES-BENZ B 180 CDI;http://www.autounica.com/it/mercedes-benz/b-180-cdi-executive-cruise-blutooth_2738.htm;http://photohd.gestionaleauto.com/autounica/7400529/7400529_O_5895e43c9c292.jpg;Da Autounica a Brescia;Mercedes-benz B 180 CDI;MERCEDES-BENZ;€ 11.900;116.069 Km; Gennaio 2011; Diesel; 80KW / 109CV; Manuale; Argento metallizzato; Nero - Tessuto;- Brescia, BS - Via Valcamonica, 19/h - 45,5471165 ,10,1638985
7400535;MERCEDES-BENZ C 220 CDI;http://www.autounica.com/it/mercedes-benz/c-220-cdi-berlina-classic-xenon-clima-bi-zona-ottima_2739.htm;http://photohd.gestionaleauto.com/autounica/7400535/7400535_O_5895e488d214f.jpg;Da Autounica a Brescia;Mercedes-Benz C 220 CDI;MERCEDES-BENZ;€ 10.900;166.121 Km; Giugno 2007; Diesel; 125KW / 170CV; Manuale; Argento metallizzato; Nero - Tessuto;- Brescia, BS - Via Valcamonica, 19/h - 45,5471165 ,10,1638985
7400517;MERCEDES-BENZ A 170;http://www.autounica.com/it/mercedes-benz/a-170-elegance-5-porte-autom-pelle-cruise-solo-95-000-km_2740.htm;http://photohd.gestionaleauto.com/autounica/7400517/7400517_O_5895e3961f886.jpg;Da Autounica a Brescia;Mercedes-Benz A;MERCEDES-BENZ;€ 6.900;95.271 Km; Luglio 2007; Benzina; 85KW / 116CV; Automatico; Argento metallizzato; Nero - Pelle/Tessuto;- Brescia, BS - Via Valcamonica, 19/h - 45,5471165 ,10,1638985
7400495;LAND ROVER Defender 90;http://www.autounica.com/it/land-rover/defender-90-2-5-td5-6-posti-uniproprietario-solo-96-000-km_2741.htm;http://photohd.gestionaleauto.com/autounica/7400495/7400495_O_5895e236372f6.jpg;Da Autounica a Brescia;Land Rover Defender 90;LAND ROVER;€ 17.900;96.822 Km; Maggio 2003; Diesel; 90KW / 122CV; Manuale; verde  scuro  metall; Grigio - Tessuto;- Brescia, BS - Via Valcamonica, 19/h - 45,5471165 ,10,1638985
7400490;JEEP Grand Cherokee 3.0;http://www.autounica.com/it/jeep/grand-cherokee-3-0-v6-crd-limited-4x4-aut-pelle-sens-119-000-km_2742.htm;http://photohd.gestionaleauto.com/autounica/7400490/7400490_O_5895e1df89296.jpg;Da Autounica a Brescia;Jeep Grand Cherokee 3.0;JEEP;€ 12.900;119.679 Km; Marzo 2007; Diesel; 160KW / 218CV; Automatico; Blu metallizzato; Grigio - Pelle;- Brescia, BS - Via Valcamonica, 19/h - 45,5471165 ,10,1638985
7400502;LAND ROVER Range Rover;http://www.autounica.com/it/land-rover/range-rover-sport-3-0-sdv6-hse-aut-pelle-telecam-navi-cerchi-20-_2743.htm;http://photohd.gestionaleauto.com/autounica/7400502/7400502_O_5895e2774dc7a.jpg;Da Autounica a Brescia;Land Rover Range Rover;LAND ROVER;€ 28.900;109.837 Km; Maggio 2011; Diesel; 180KW / 245CV; Automatico; Blu metallizzato; Beige - Pelle;- Brescia, BS - Via Valcamonica, 19/h - 45,5471165 ,10,1638985
7400556;MINI Clubman 1.6 COOPER S;http://www.autounica.com/it/mini/clubman-1-6-cooper-s-aut-pelle-sens-xenon-99-000-km_2744.htm;http://photohd.gestionaleauto.com/autounica/7400556/7400556_O_5895e56674127.jpg;Da Autounica a Brescia;Mini Clubman Cooper S 1.6;MINI;€ 10.900;99.166 Km; Gennaio 2009; Benzina; 128KW / 174CV; Automatico; Marrone metallizzato; Marrone - Pelle;- Brescia, BS - Via Valcamonica, 19/h - 45,5471165 ,10,1638985
7404574;AUDI A4 AVANT 2.0 TDI;http://www.autounica.com/it/audi/a4-avant-2-0-tdi-multitronic-advanced-aut-navi-xenon_2746.htm;http://photohd.gestionaleauto.com/autounica/7404574/7404574_O_589ada0df2afd.jpg;Da Autounica a Brescia;Audi A4 AVANT 2.0 TDI;AUDI;€ 18.900;118.728 Km; Giugno 2012; Diesel; 130KW / 177CV; Automatico; Argento metallizzato; Nero - Tessuto;- Brescia, BS - Via Valcamonica, 19/h - 45,5471165 ,10,1638985
7410403;PEUGEOT 207 1.6 HDI CC;http://www.autounica.com/it/peugeot/207-1-6-hdi-cc-tecno-cabrio-sensori-cerchi-17-_2747.htm;;Da Autounica a Brescia;Peugeot 207 1.6 HDI CC;PEUGEOT;€ 8.900;137.828 Km; Settembre 2010; Diesel; 82KW / 111CV; Manuale; Bianco pastello; Nero - Tessuto;- Brescia, BS - Via Valcamonica, 19/h - 45,5471165 ,10,1638985
7410392;OPEL Insignia 2.0 CDTI;http://www.autounica.com/it/opel/insignia-2-0-cdti-sports-tourer-elective-cruise-cerchi-17-_2748.htm;http://photohd.gestionaleauto.com/autounica/7410392/7410392_O_589839eb485c2.jpg;Da Autounica a Brescia;Opel Insignia 2.0 CDTI;OPEL;€ 11.500;130.313 Km; Novembre 2012; Diesel; 96KW / 131CV; Manuale; Bianco pastello; Nero - Tessuto;- Brescia, BS - Via Valcamonica, 19/h - 45,5471165 ,10,1638985
7410372;OPEL Astra 1.7 CDTI 5;http://www.autounica.com/it/opel/astra-1-7-cdti-5-porte-elective-cruise-cerchi-17-_2749.htm;http://photohd.gestionaleauto.com/autounica/7410372/7410372_O_58983990b9738.jpg;Da Autounica a Brescia;Opel Astra 1.7 CDTI 5;OPEL;€ 7.900;175.781 Km; Gennaio 2011; Diesel; 81KW / 110CV; Manuale; Bianco pastello; Nero - Tessuto;- Brescia, BS - Via Valcamonica, 19/h - 45,5471165 ,10,1638985
7410341;MINI Countryman COOPER S;http://www.autounica.com/it/mini/countryman-cooper-s-all4-4x4-pelle-sens-cerchi-18-xenon_2750.htm;http://photohd.gestionaleauto.com/autounica/7410341/7410341_O_589838da30e0b.jpg;Da Autounica a Brescia;Mini Countryman Cooper S;MINI;€ 16.900;75.432 Km; Gennaio 2011; Benzina; 135KW / 184CV; Manuale; Bianco pastello; Nero - Pelle/Tessuto;- Brescia, BS - Via Valcamonica, 19/h - 45,5471165 ,10,1638985
7410504;TOYOTA Auris 1.8 HYBRID 5;http://www.autounica.com/it/toyota/auris-1-8-hybrid-5-porte-active-aut-navi-telecam-led_2751.htm;http://photohd.gestionaleauto.com/autounica/7410504/7410504_O_58983c426af91.jpg;Da Autounica a Brescia;Toyota Auris 1.8 HYBRID;TOYOTA;€ 14.900;53.375 Km; Novembre 2013; Elettrica/Benzina; 73KW / 99CV; Automatico; Bianco pastello; Nero - Tessuto;- Brescia, BS - Via Valcamonica, 19/h - 45,5471165 ,10,1638985
7410564;VOLKSWAGEN Golf 1.4 TSI;http://www.autounica.com/it/volkswagen/golf-1-4-tsi-dsg-5-porte-highline-aut-solo-56-000-km_2752.htm;http://photohd.gestionaleauto.com/autounica/7410564/7410564_O_58983d63c9d81.jpg;Da Autounica a Brescia;Volkswagen Golf 1.4 TSI;VOLKSWAGEN;€ 13.900;56.060 Km; Aprile 2011; Benzina; 90KW / 122CV; Automatico; Bianco pastello; Nero - Alcantara;- Brescia, BS - Via Valcamonica, 19/h - 45,5471165 ,10,1638985
7410431;SMART ForTwo 1000 CABRIO;http://www.autounica.com/it/smart/fortwo-1000-cabrio-pulse-autom-solo-97-000-km_2753.htm;http://photohd.gestionaleauto.com/autounica/7410431/7410431_O_58983ade12a22.jpg;Da Autounica a Brescia;Smart Fortwo 1000 CABRIO;SMART;€ 5.900;97.574 Km; Agosto 2007; Benzina; 62KW / 84CV; Automatico; Rosso pastello; Nero - Tessuto;- Brescia, BS - Via Valcamonica, 19/h - 45,5471165 ,10,1638985
7410379;OPEL Corsa 1.2 5 PORTE;http://www.autounica.com/it/opel/corsa-1-2-5-porte-gpl-tech-elective-neopatent-93-000-km_2754.htm;http://photohd.gestionaleauto.com/autounica/7410379/7410379_O_589839bd61991.jpg;Da Autounica a Brescia;Opel Corsa 1.2 5 PORTE;OPEL;€ 7.500;93.581 Km; Febbraio 2012; Benzina/GPL; 63KW / 86CV; Manuale; Giallo pastello; Nero - Tessuto;- Brescia, BS - Via Valcamonica, 19/h - 45,5471165 ,10,1638985
7410543;TOYOTA Yaris 1.4 D-4D 5;http://www.autounica.com/it/toyota/yaris-1-4-d-4d-5-porte-clima-radio-cd_2755.htm;http://photohd.gestionaleauto.com/autounica/7410543/7410543_O_58983cf692df8.jpg;Da Autounica a Brescia;Toyota Yaris 1.4 D-4D 5;TOYOTA;€ 5.900;156.267 Km; Maggio 2007; Diesel; 66KW / 90CV; Manuale; Antracite metallizza; Nero - Tessuto;- Brescia, BS - Via Valcamonica, 19/h - 45,5471165 ,10,1638985
7410354;NISSAN Juke 1.6 VISIA;http://www.autounica.com/it/nissan/juke-1-6-visia-uniproprietario-solo-44-000-km_2756.htm;http://photohd.gestionaleauto.com/autounica/7410354/7410354_O_5898392be778d.jpg;Da Autounica a Brescia;Nissan Juke 1.6 VISIA;NISSAN;€ 13.900;44.035 Km; Maggio 2014; Benzina; 69KW / 94CV; Manuale; Antracite metallizza; Nero - Tessuto;- Brescia, BS - Via Valcamonica, 19/h - 45,5471165 ,10,1638985
7410532;TOYOTA Urban Cruiser 1.4;http://www.autounica.com/it/toyota/urban-cruiser-1-4-d-4d-awd-sol-x-4x4-neopatent-solo-72-000-km_2758.htm;http://photohd.gestionaleauto.com/autounica/7410532/7410532_O_58983cd7a8396.jpg;Da Autounica a Brescia;Toyota Urban Cruiser 1.4;TOYOTA;€ 13.500;72.353 Km; Settembre 2012; Diesel; 66KW / 90CV; Manuale; Antracite metallizza; Nero - Tessuto;- Brescia, BS - Via Valcamonica, 19/h - 45,5471165 ,10,1638985
7410399;OPEL Mokka 1.7 CDTI;http://www.autounica.com/it/opel/mokka-1-7-cdti-ecotec-4x4-ego-cerchi-18-solo-58-000km_2760.htm;http://photohd.gestionaleauto.com/autounica/7410399/7410399_O_58983a1022662.jpg;Da Autounica a Brescia;Opel Mokka 1.7 CDTI;OPEL;€ 16.900;58.360 Km; Marzo 2013; Diesel; 96KW / 131CV; Manuale; Nero metallizzato; Nero - Tessuto;- Brescia, BS - Via Valcamonica, 19/h - 45,5471165 ,10,1638985
7410417;RENAULT Scenic X-MOD 1.5;http://www.autounica.com/it/renault/scenic-x-mod-1-5-dci-dynamique-aut-pelle-navi-cruise_2761.htm;;Da Autounica a Brescia;Renault Scenic X-MOD 1.5;RENAULT;€ 10.900;111.174 Km; Marzo 2011; Diesel; 81KW / 110CV; Automatico; Nero metallizzato; Nero - Pelle;- Brescia, BS - Via Valcamonica, 19/h - 45,5471165 ,10,1638985
7410410;RENAULT Clio 1.2 3 PORTE;http://www.autounica.com/it/renault/clio-1-2-3-porte-confort-autocarro-neopatent-60-000-km_2762.htm;http://photohd.gestionaleauto.com/autounica/7410410/7410410_O_58983a4dd2958.jpg;Da Autounica a Brescia;Renault Clio 1.2 3 PORTE;RENAULT;€ 4.900;60.832 Km; Aprile 2006; Benzina; 55KW / 75CV; Manuale; Nero metallizzato; Nero - Tessuto;- Brescia, BS - Via Valcamonica, 19/h - 45,5471165 ,10,1638985
7410443;SMART ForTwo 1000 COUPE';http://www.autounica.com/it/smart/fortwo-1000-coupe-passion-autom-tetto-solo-84-000-km_2763.htm;http://photohd.gestionaleauto.com/autounica/7410443/7410443_O_58983b3dda376.jpg;Da Autounica a Brescia;Smart Fortwo 1000 COUPE';SMART;€ 4.900;84.024 Km; Aprile 2008; Benzina; 52KW / 71CV; Automatico; Nero pastello; Nero - Tessuto;- Brescia, BS - Via Valcamonica, 19/h - 45,5471165 ,10,1638985
7410452;SMART ForTwo 1000 MHD;http://www.autounica.com/it/smart/fortwo-1000-mhd-coupe-pulse-aut-tetto-pelle-83-000-km_2764.htm;http://photohd.gestionaleauto.com/autounica/7410452/7410452_O_58983b6835151.jpg;Da Autounica a Brescia;Smart Fortwo 1000 MHD;SMART;€ 6.900;83.202 Km; Settembre 2012; Benzina; 52KW / 71CV; Automatico; Nero metallizzato; Nero - Pelle/Tessuto;- Brescia, BS - Via Valcamonica, 19/h - 45,5471165 ,10,1638985
7410668;VOLVO V60 D5 AWD;http://www.autounica.com/it/volvo/v60-d5-awd-geartronic-summum-4x4-aut-sens-cerchi-18-_2765.htm;http://photohd.gestionaleauto.com/autounica/7410668/7410668_O_5898401630757.jpg;Da Autounica a Brescia;Volvo V60 D5 AWD;VOLVO;€ 17.900;104.778 Km; Aprile 2011; Diesel; 151KW / 205CV; Automatico; Grigio metallizzato; Nero - Pelle/Tessuto;- Brescia, BS - Via Valcamonica, 19/h - 45,5471165 ,10,1638985
7410645;VOLKSWAGEN Golf 2.0 TDI;http://www.autounica.com/it/volkswagen/golf-2-0-tdi-dsg-5-porte-highline-aut-solo-36-000-km_2766.htm;http://photohd.gestionaleauto.com/autounica/7410645/7410645_O_58983fa00b0f1.jpg;Da Autounica a Brescia;Volkswagen Golf 7 2.0 TDI;VOLKSWAGEN;€ 20.900;36.233 Km; Settembre 2014; Diesel; 110KW / 150CV; Automatico; Grigio metallizzato; Nero - Alcantara;- Brescia, BS - Via Valcamonica, 19/h - 45,5471165 ,10,1638985
7410598;VOLKSWAGEN Golf 1.6 TDI;http://www.autounica.com/it/volkswagen/golf-1-6-tdi-dsg-5-porte-highline-r-line-aut-alcantara_2767.htm;http://photohd.gestionaleauto.com/autounica/7410598/7410598_O_58983e3fad77c.jpg;Da Autounica a Brescia;Volkswagen Golf 1.6 TDI;VOLKSWAGEN;€ 11.500;147.972 Km; Aprile 2010; Diesel; 77KW / 105CV; Automatico; Blu metallizzato; Nero - Alcantara;- Brescia, BS - Via Valcamonica, 19/h - 45,5471165 ,10,1638985
7410334;MINI Cooper 1.6 COOPER;http://www.autounica.com/it/mini/cooper-1-6-cooper-cerchi-15-clima-radio-cd_2768.htm;http://photohd.gestionaleauto.com/autounica/7410334/7410334_O_589838b169250.jpg;Da Autounica a Brescia;Mini Cooper 1.6 16V euro;MINI;€ 5.900;185.852 Km; Dicembre 2006; Benzina; 88KW / 120CV; Manuale; Argento metallizzato; Nero - Tessuto;- Brescia, BS - Via Valcamonica, 19/h - 45,5471165 ,10,1638985
7410550;TOYOTA Yaris 1.5 HYBRID 5;http://www.autounica.com/it/toyota/yaris-1-5-hybrid-5-porte-lounge-aut-telecam-neopatentati_2769.htm;http://photohd.gestionaleauto.com/autounica/7410550/7410550_O_589c9389a3da7.jpg;Da Autounica a Brescia;Toyota Yaris 1.5 HYBRID;TOYOTA;€ 10.900;72.604 Km; Aprile 2013; Elettrica/Benzina; 55KW / 75CV; Automatico; Argento metallizzato; Nero - Tessuto;- Brescia, BS - Via Valcamonica, 19/h - 45,5471165 ,10,1638985
7410657;VOLKSWAGEN Passat 1.6 FSI;http://www.autounica.com/it/volkswagen/passat-1-6-fsi-trendline-berlina-sens-cruise-clima-bi-zon_2770.htm;http://photohd.gestionaleauto.com/autounica/7410657/7410657_O_58983fd03f60f.jpg;Da Autounica a Brescia;Volkswagen Passat 1.6;VOLKSWAGEN;€ 7.900;123.605 Km; Dicembre 2005; Benzina; 85KW / 116CV; Manuale; Argento metallizzato; Nero - Tessuto;- Brescia, BS - Via Valcamonica, 19/h - 45,5471165 ,10,1638985
7410483;SUZUKI Swift 1.3 DDIS 3;http://www.autounica.com/it/suzuki/swift-1-3-ddis-3-porte-gl-neopatentati-solo-52-000-km_2771.htm;;Da Autounica a Brescia;Suzuki Swift 1.3 DDIS 3;SUZUKI;€ 8.900;52.989 Km; Marzo 2012; Diesel; 55KW / 75CV; Manuale; Argento metallizzato; Nero - Tessuto;- Brescia, BS - Via Valcamonica, 19/h - 45,5471165 ,10,1638985
7410526;TOYOTA Prius 1.5I HYBRID;http://www.autounica.com/it/toyota/prius-1-5i-hybrid-aut-neopatent-navi-sens-cruise-telecam_2772.htm;http://photohd.gestionaleauto.com/autounica/7410526/7410526_O_58983cb84f1e8.jpg;Da Autounica a Brescia;Toyota Prius 1.5I;TOYOTA;€ 6.900;165.196 Km; Dicembre 2007; Elettrica/Benzina; 57KW / 77CV; Automatico; Antracite metallizza; Grigio - Tessuto;- Brescia, BS - Via Valcamonica, 19/h - 45,5471165 ,10,1638985
7410515;TOYOTA Land Cruiser 3.0;http://www.autounica.com/it/toyota/land-cruiser-3-0-d-4d-3-porte-aut-executive-4x4-aut-pelle-tetto_2773.htm;http://photohd.gestionaleauto.com/autounica/7410515/7410515_O_58983c874df64.jpg;Da Autounica a Brescia;Toyota Land Cruiser 3.0;TOYOTA;€ 16.900;158.177 Km; Dicembre 2005; Diesel; 122KW / 166CV; Automatico; Argento metallizzato; Grigio - Pelle;- Brescia, BS - Via Valcamonica, 19/h - 45,5471165 ,10,1638985
7410426;SAAB 9-3 SPORT SEDAN 1.8;http://www.autounica.com/it/saab/9-3-sport-sedan-1-8-t-vector-gpl-aut-pelle-sens-xenon_2774.htm;http://photohd.gestionaleauto.com/autounica/7410426/7410426_O_58983abd4cf0b.jpg;Da Autounica a Brescia;Saab 9-3 SPORT SEDAN 1.8;SAAB;€ 3.500;181.397 Km; Ottobre 2002; Benzina/GPL; 110KW / 150CV; Automatico; Nero metallizzato; Grigio - Pelle;- Brescia, BS - Via Valcamonica, 19/h - 45,5471165 ,10,1638985
7410901;ALFA ROMEO Giulietta 2.0;http://www.autounica.com/it/alfa-romeo/giulietta-2-0-jtdm-2-exclusive-aut-pelle-tetto-cerchi-18-_2776.htm;http://photohd.gestionaleauto.com/autounica/7410901/7410901_O_589846b611175.jpg;Da Autounica a Brescia;Alfa Romeo Giulietta 2.0;ALFA ROMEO;€ 13.500;119.001 Km; Febbraio 2012; Diesel; 125KW / 170CV; Automatico; Nero metallizzato; Nero - Pelle;- Brescia, BS - Via Valcamonica, 19/h - 45,5471165 ,10,1638985
7410932;AUDI A3 SPB 1.6 TDI;http://www.autounica.com/it/audi/a3-spb-1-6-tdi-s-tronic-ambiente-aut-tetto-navi-sens_2777.htm;http://photohd.gestionaleauto.com/autounica/7410932/7410932_O_589847d69b99b.jpg;Da Autounica a Brescia;Audi A3 SPB 1.6 TDI;AUDI;€ 20.900;86.398 Km; Dicembre 2013; Diesel; 77KW / 105CV; Automatico; Nero metallizzato; Nero - Tessuto;- Brescia, BS - Via Valcamonica, 19/h - 45,5471165 ,10,1638985
7410897;ALFA ROMEO Giulietta 1.6;http://www.autounica.com/it/alfa-romeo/giulietta-1-6-jtdm-2-exclusive-pelle-sens-led-cerchi-17-_2778.htm;http://photohd.gestionaleauto.com/autounica/7410897/7410897_O_5898468748fe2.jpg;Da Autounica a Brescia;Alfa Romeo Giulietta 1.6;ALFA ROMEO;€ 13.500;103.135 Km; Novembre 2012; Diesel; 77KW / 105CV; Manuale; Argento metallizzato; Nero - Pelle/Tessuto;- Brescia, BS - Via Valcamonica, 19/h - 45,5471165 ,10,1638985
7410917;ALFA ROMEO Spider 2.2 JTS;http://www.autounica.com/it/alfa-romeo/spider-2-2-jts-cabrio-pelle-sens-xenon-solo-74-000-km_2779.htm;http://photohd.gestionaleauto.com/autounica/7410917/7410917_O_5898471eadf81.jpg;Da Autounica a Brescia;Alfa Romeo Spyder 2.2;ALFA ROMEO;€ 12.900;74.683 Km; Giugno 2007; Benzina; 136KW / 185CV; Manuale; Antracite metallizza; Blu - Pelle;- Brescia, BS - Via Valcamonica, 19/h - 45,5471165 ,10,1638985
7411832;OPEL Astra TWINTOP 1.9;http://www.autounica.com/it/opel/astra-twintop-1-9-cdti-cosmo-cabrio-pelle-sens-cerchi-17_2781.htm;http://photohd.gestionaleauto.com/autounica/7411832/7411832_O_5898b9d16465b.jpg;Da Autounica a Brescia;Opel Astra TWINTOP 1.9;OPEL;€ 7.900;155.919 Km; Giugno 2007; Diesel; 110KW / 150CV; Manuale; Argento metallizzato; Nero - Pelle/Tessuto;- Brescia, BS - Via Valcamonica, 19/h - 45,5471165 ,10,1638985
7413462;MINI One 1.4 RAY;http://www.autounica.com/it/mini/one-1-4-ray-neopatentati-solo-40-000-km_2782.htm;http://photohd.gestionaleauto.com/autounica/7413462/7413462_O_58998e7f354ba.jpg;Da Autounica a Brescia;Mini One 1.4 Ray euro 4;MINI;€ 9.500;40.552 Km; Luglio 2009; Benzina; 55KW / 75CV; Manuale; Grigio scuro metalli; Nero - Tessuto;- Brescia, BS - Via Valcamonica, 19/h - 45,5471165 ,10,1638985
7413414;OPEL Corsa 1.2 3 PORTE;http://www.autounica.com/it/opel/corsa-1-2-3-porte-gpl-tech-edition-neopatentat-12-000-km_2783.htm;http://photohd.gestionaleauto.com/autounica/7413414/7413414_O_5898bc9fe9509.jpg;Da Autounica a Brescia;Opel Corsa 1.2 3 PORTE;OPEL;€ 9.500;12.378 Km; Dicembre 2014; Benzina/GPL; 63KW / 86CV; Manuale; Antracite metallizza; Nero - Pelle/Tessuto;- Brescia, BS - Via Valcamonica, 19/h - 45,5471165 ,10,1638985
7416012;PEUGEOT 107 1.0 3 PORTE;http://www.autounica.com/it/peugeot/107-1-0-3-porte-desir-solo-73-000-km_2784.htm;http://photohd.gestionaleauto.com/autounica/7416012/7416012_O_5899a7488dd74.jpg;Da Autounica a Brescia;Peugeot 107 1.0 3 PORTE;PEUGEOT;€ 4.500;73.422 Km; Aprile 2007; Benzina; 50KW / 68CV; Manuale; Rosso pastello; Nero - Tessuto;- Brescia, BS - Via Valcamonica, 19/h - 45,5471165 ,10,1638985
7418378;TOYOTA Aygo 1.0 VVT-I 3;http://www.autounica.com/it/toyota/aygo-1-0-vvt-i-3-porte-sol-clima-solo-57-000-km_2785.htm;http://photohd.gestionaleauto.com/autounica/7418378/7418378_O_589a09d8c933d.jpg;Da Autounica a Brescia;Toyota Aygo 1.0 VVT-I 3;TOYOTA;€ 5.500;57.880 Km; Novembre 2008; Benzina; 50KW / 68CV; Manuale; Nero metallizzato; Nero - Tessuto;- Brescia, BS - Via Valcamonica, 19/h - 45,5471165 ,10,1638985
7418424;FIAT 500 1.2 LOUNGE AUT;http://www.autounica.com/it/fiat/500-1-2-lounge-aut-tetto-bluetooth-solo-42-000-km_2786.htm;http://photohd.gestionaleauto.com/autounica/7418424/7418424_O_589a0d613d10a.jpg;Da Autounica a Brescia;Fiat 500 1.2 LOUNGE euro;FIAT;€ 7.900;42.908 Km; Giugno 2008; Benzina; 51KW / 69CV; Automatico; Bianco pastello; Grigio - Tessuto;- Brescia, BS - Via Valcamonica, 19/h - 45,5471165 ,10,1638985
7418457;VOLKSWAGEN Polo 1.4 3;http://www.autounica.com/it/volkswagen/polo-1-4-3-porte-comfortline-neopatent-aut-88-000-km_2787.htm;http://photohd.gestionaleauto.com/autounica/7418457/7418457_O_589ad864c5b0e.jpg;Da Autounica a Brescia;Volkswagen Polo 1.4 3;VOLKSWAGEN;€ 5.900;88.241 Km; Febbraio 2006; Benzina; 55KW / 75CV; Automatico; Antracite metallizza; Nero - Pelle;- Brescia, BS - Via Valcamonica, 19/h - 45,5471165 ,10,1638985
7421504;NISSAN Qashqai 1.5 DCI;http://www.autounica.com/it/nissan/qashqai-1-5-dci-tekna-navi-tetto-telecam-sens-cruise-led_2789.htm;http://photohd.gestionaleauto.com/autounica/7421504/7421504_O_589b17b81de9b.jpg;Da Autounica a Brescia;Nissan Qashqai 1.5 DCI;NISSAN;€ 16.900;140.066 Km; Giugno 2014; Diesel; 81KW / 110CV; Manuale; Nero metallizzato; Nero - Tessuto;- Brescia, BS - Via Valcamonica, 19/h - 45,5471165 ,10,1638985
7421532;FIAT Panda 1.2 ACTIVE;http://www.autounica.com/it/fiat/panda-1-2-active-easypower-gpl-neopatent-solo-53-000-km_2790.htm;http://photohd.gestionaleauto.com/autounica/7421532/7421532_O_589b1bce39e9b.jpg;Da Autounica a Brescia;Fiat Panda 1.2 ACTIVE;FIAT;€ 6.500;53.234 Km; Febbraio 2012; Benzina/GPL; 51KW / 69CV; Manuale; Rosso pastello; Grigio - Tessuto;- Brescia, BS - Via Valcamonica, 19/h - 45,5471165 ,10,1638985
7421514;FIAT 500X 2.0 MULTIJET;http://www.autounica.com/it/fiat/500x-2-0-multijet-at9-4x4-cross-plus-aut-navi-pelle-xen_2791.htm;http://photohd.gestionaleauto.com/autounica/7421514/7421514_O_589b1ac019dc8.jpg;Da Autounica a Brescia;Fiat 500 X 2.0 MULTIJET;FIAT;€ 24.900;17.476 Km; Marzo 2016; Diesel; 103KW / 140CV; Automatico; Bianco pastello; Marrone - Pelle;- Brescia, BS - Via Valcamonica, 19/h - 45,5471165 ,10,1638985
7423239;MINI Cabrio 1.6 COOPER;http://www.autounica.com/it/mini/cabrio-1-6-cooper-cabrio-sens-pelle-solo-109-000-km_2792.htm;http://photohd.gestionaleauto.com/autounica/7423239/7423239_O_589b5f81dfd14.jpg;Da Autounica a Brescia;Mini Cooper Cabrio 1.6;MINI;€ 7.900;109.377 Km; Maggio 2008; Benzina; 85KW / 116CV; Manuale; Nero metallizzato; Nero - Pelle/Tessuto;- Brescia, BS - Via Valcamonica, 19/h - 45,5471165 ,10,1638985
7423267;CHEVROLET Spark 1.2 LT;http://www.autounica.com/it/chevrolet/spark-1-2-lt-gpl-eco-logic-uniproprietario-sens-cerchi_2793.htm;http://photohd.gestionaleauto.com/autounica/7423267/7423267_O_589b61f0a6171.jpg;Da Autounica a Brescia;Chevrolet  Sparko 1.2;CHEVROLET;€ 5.900;105.575 Km; Giugno 2010; Benzina/GPL; 60KW / 82CV; Manuale; Argento metallizzato; Nero - Tessuto;- Brescia, BS - Via Valcamonica, 19/h - 45,5471165 ,10,1638985
7423303;ALFA ROMEO Giulietta 1.6;http://www.autounica.com/it/alfa-romeo/giulietta-1-6-jtdm-2-sprint-sens-led-solo-32-000-km_2794.htm;http://photohd.gestionaleauto.com/autounica/7423303/7423303_O_589b657280be8.jpg;Da Autounica a Brescia;Alfa Romeo Giulietta 1.6;ALFA ROMEO;€ 17.900;32.115 Km; Ottobre 2015; Diesel; 88KW / 120CV; Manuale; Nero metallizzato; Nero - Tessuto;- Brescia, BS - Via Valcamonica, 19/h - 45,5471165 ,10,1638985
7425981;SMART ForTwo 1000 MHD;http://www.autounica.com/it/smart/fortwo-1000-mhd-coupe-pulse-aut-tetto-pelle-56-000-km_2795.htm;http://photohd.gestionaleauto.com/autounica/7425981/7425981_O_589ca87989742.jpg;Da Autounica a Brescia;Smart Fortwo 1000 MHD;SMART;€ 7.500;56.621 Km; Giugno 2012; Benzina; 52KW / 71CV; Automatico; Grigio scuro metalli; Nero - Pelle/Tessuto;- Brescia, BS - Via Valcamonica, 19/h - 45,5471165 ,10,1638985
7425918;MINI Cooper D 1.6 16V;http://www.autounica.com/it/mini/cooper-d-1-6-16v-cooper-d-pepper-autom-cruise-crono-taglian_2796.htm;http://photohd.gestionaleauto.com/autounica/7425918/7425918_O_589c4d16f2deb.jpg;Da Autounica a Brescia;Mini Cooper D 1.6 16V;MINI;€ 8.900;150.317 Km; Settembre 2007; Diesel; 80KW / 109CV; Automatico; Bianco pastello; Nero - Tessuto;- Brescia, BS - Via Valcamonica, 19/h - 45,5471165 ,10,1638985
7426050;NISSAN Qashqai 1.6 DCI;http://www.autounica.com/it/nissan/qashqai-1-6-dci-dpf-360-pelle-navi-tetto-cerchi-18-cruis_2797.htm;http://photohd.gestionaleauto.com/autounica/7426050/7426050_O_589c5030ba6f9.jpg;Da Autounica a Brescia;Nissan Qashqai 1.6 DCI;NISSAN;€ 15.500;110.610 Km; Gennaio 2014; Diesel; 96KW / 131CV; Manuale; Nero metallizzato; Nero - Pelle;- Brescia, BS - Via Valcamonica, 19/h - 45,5471165 ,10,1638985
7425843;OPEL Antara 2.0 CDTI;http://www.autounica.com/it/opel/antara-2-0-cdti-cosmo-4x4-pelle-sens-cerchi-18-_2798.htm;http://photohd.gestionaleauto.com/autounica/7425843/7425843_O_589c4aa65dc2a.jpg;Da Autounica a Brescia;Opel Antara 2.0 CDTI;OPEL;€ 9.900;154.614 Km; Gennaio 2009; Diesel; 110KW / 150CV; Manuale; Nero metallizzato; Marrone - Pelle;- Brescia, BS - Via Valcamonica, 19/h - 45,5471165 ,10,1638985
7427432;LANCIA Ypsilon 0.9;http://www.autounica.com/it/lancia/ypsilon-0-9-twinair-5-porte-s-s-dfn-gold-autom-37-000-km_2799.htm;http://photohd.gestionaleauto.com/autounica/7427432/7427432_O_589c8c3476b52.jpg;Da Autounica a Brescia;Lancia Ypsilon 0.9;LANCIA;€ 9.500;37.814 Km; Marzo 2013; Benzina; 62KW / 84CV; Automatico; Nero metallizzato; Nero - Alcantara;- Brescia, BS - Via Valcamonica, 19/h - 45,5471165 ,10,1638985
7427513;FORD C-Max 1.8 TDCI GHIA;http://www.autounica.com/it/ford/c-max-1-8-tdci-ghia-sensori-cruise-cerchi-clima-bi-zona_2800.htm;http://photohd.gestionaleauto.com/autounica/7427513/7427513_O_58a4235cc77f1.jpg;Da Autounica a Brescia;Ford Focus C-Max 1.8;FORD;€ 5.500;155.933 Km; Marzo 2006; Diesel; 85KW / 116CV; Manuale; Azzurro metallizzato; Nero - Alcantara;- Brescia, BS - Via Valcamonica, 19/h - 45,5471165 ,10,1638985
7427610;SMART ForTwo 800 COUPE';http://www.autounica.com/it/smart/fortwo-800-coupe-pulse-cdi-autom-tetto-neopatentati_2801.htm;http://photohd.gestionaleauto.com/autounica/7427610/7427610_O_589ca91fa15c7.jpg;Da Autounica a Brescia;Smart Fortwo 800 COUPE';SMART;€ 6.900;87.835 Km; Agosto 2010; Diesel; 40KW / 54CV; Automatico; Bianco pastello; Nero - Tessuto;- Brescia, BS - Via Valcamonica, 19/h - 45,5471165 ,10,1638985
7429874;SMART ForTwo 800 COUPE';http://www.autounica.com/it/smart/fortwo-800-coupe-passion-cdi-neopatentati-autom-tetto_2802.htm;http://photohd.gestionaleauto.com/autounica/7429874/7429874_O_589d8206c05b2.jpg;Da Autounica a Brescia;Smart Fortwo 800 COUPE';SMART;€ 2.900;153.673 Km; Gennaio 2004; Diesel; 30KW / 41CV; Automatico; Nero metallizzato; Rosso - Tessuto;- Brescia, BS - Via Valcamonica, 19/h - 45,5471165 ,10,1638985
7431751;SMART ForTwo 1000 MHD;http://www.autounica.com/it/smart/fortwo-1000-mhd-cabrio-passion-aut-solo-69-000-km_2803.htm;http://photohd.gestionaleauto.com/autounica/7431751/7431751_O_589dedb08e0ec.jpg;Da Autounica a Brescia;Smart Fortwo 1000 MHD;SMART;€ 7.500;69.234 Km; Luglio 2011; Benzina; 52KW / 71CV; Automatico; Azzurro metallizzato; Beige - Tessuto;- Brescia, BS - Via Valcamonica, 19/h - 45,5471165 ,10,1638985
7432630;VOLKSWAGEN Golf 2.0 TSI 5;http://www.autounica.com/it/volkswagen/golf-2-0-tsi-5-porte-gti-cerchi-17-cruise-clima-bi-zon_2804.htm;http://photohd.gestionaleauto.com/autounica/7432630/7432630_O_589df80224714.jpg;Da Autounica a Brescia;Volkswagen Golf 2.0 TSI;VOLKSWAGEN;€ 14.500;118.946 Km; Gennaio 2011; Benzina; 155KW / 211CV; Manuale; Bianco pastello; Nero - Tessuto;- Brescia, BS - Via Valcamonica, 19/h - 45,5471165 ,10,1638985
7432600;VOLVO XC60 D5 AWD;http://www.autounica.com/it/volvo/xc60-d5-awd-geartronic-summum-4x4-aut-pelle-cerchi-18-_2806.htm;http://photohd.gestionaleauto.com/autounica/7432600/7432600_O_589df6ce7f47a.jpg;Da Autounica a Brescia;Volvo XC60 D5 AWD;VOLVO;€ 20.900;64.663 Km; Dicembre 2009; Diesel; 151KW / 205CV; Automatico; Blu metallizzato; Beige - Pelle;- Brescia, BS - Via Valcamonica, 19/h - 45,5471165 ,10,1638985
7435198;BMW 320 D TOURING ELETTA;http://www.autounica.com/it/bmw/320-d-touring-eletta-cerchi-17-clima-bi-zona_2807.htm;http://photohd.gestionaleauto.com/autounica/7435198/7435198_O_589ee7efdad2e.jpg;Da Autounica a Brescia;Bmw 320 D D TOURING;BMW;€ 7.500;150.000 Km; Dicembre 2007; Diesel; 130KW / 177CV; Manuale; Argento metallizzato; Nero - Tessuto;- Brescia, BS - Via Valcamonica, 19/h - 45,5471165 ,10,1638985
7440276;AUDI A4 allroad 2.0 TDI;http://www.autounica.com/it/audi/a4-allroad-2-0-tdi-quattro-s-tronic-advanced-4x4-aut-navi_2808.htm;http://photohd.gestionaleauto.com/autounica/7440276/7440276_O_58a17fb0efb93.jpg;Da Autounica a Brescia;Audi A4 Allroad Quattro;AUDI;€ 22.900;178.000 Km; Gennaio 2014; Diesel; 130KW / 177CV; Automatico; Bianco pastello; Nero - Tessuto;- Brescia, BS - Via Valcamonica, 19/h - 45,5471165 ,10,1638985
7440300;AUDI A4 AVANT 2.0 TDI;http://www.autounica.com/it/audi/a4-avant-2-0-tdi-quattro-4x4-navi-sens-solo-71-000-km_2809.htm;http://photohd.gestionaleauto.com/autounica/7440300/7440300_O_58a1813bdd0ec.jpg;Da Autounica a Brescia;Audi A4 AVANT 2.0 TDI;AUDI;€ 24.900;71.502 Km; Maggio 2014; Diesel; 130KW / 177CV; Manuale; Grigio scuro metalli; Nero - Tessuto;- Brescia, BS - Via Valcamonica, 19/h - 45,5471165 ,10,1638985
7440344;BMW 320 D XDRIVE TOURING;http://www.autounica.com/it/bmw/320-d-xdrive-touring-futura-4x4-aut-navi-xenon-sens_2810.htm;http://photohd.gestionaleauto.com/autounica/7440344/7440344_O_58a183cce017b.jpg;Da Autounica a Brescia;Bmw 320 D XDrive Futura;BMW;€ 16.900;93.920 Km; Febbraio 2009; Diesel; 130KW / 177CV; Automatico; Grigio scuro metalli; Nero - Tessuto;- Brescia, BS - Via Valcamonica, 19/h - 45,5471165 ,10,1638985
7440347;BMW 430 D COUPE' M-SPORT;http://www.autounica.com/it/bmw/430-d-coupe-m-sport-aut-navi-xenon-sens-led-cerchi-19_2811.htm;http://photohd.gestionaleauto.com/autounica/7440347/7440347_O_58a183f1d483d.jpg;Da Autounica a Brescia;Bmw 430 D COUPE' M-SPORT;BMW;€ 32.900;126.360 Km; Ottobre 2014; Diesel; 190KW / 258CV; Automatico; Antracite metallizza; Nero - Alcantara;- Brescia, BS - Via Valcamonica, 19/h - 45,5471165 ,10,1638985
7440325;BMW 118 D 5 PORTE MSPORT;http://www.autounica.com/it/bmw/118-d-5-porte-msport-navi-sens-alcantara-cerchi-17-_2812.htm;http://photohd.gestionaleauto.com/autounica/7440325/7440325_O_58a182df2987f.jpg;Da Autounica a Brescia;Bmw 118 D 5 Porte MSport;BMW;€ 18.900;143.295 Km; Marzo 2013; Diesel; 105KW / 143CV; Manuale; Bianco pastello; Nero - Alcantara;- Brescia, BS - Via Valcamonica, 19/h - 45,5471165 ,10,1638985
7440268;AUDI A3 SPB 2.0 TDI;http://www.autounica.com/it/audi/a3-spb-2-0-tdi-s-tronic-ambition-aut-cerchi-17-cruis_2813.htm;;Da Autounica a Brescia;Audi A3 SPB 2.0 TDI;AUDI;€ 7.900;206.804 Km; Marzo 2008; Diesel; 103KW / 140CV; Automatico; Nero metallizzato; Nero - Tessuto;- Brescia, BS - Via Valcamonica, 19/h - 45,5471165 ,10,1638985
7440313;AUDI Q3 2.0 TDI QUATTRO;http://www.autounica.com/it/audi/q3-2-0-tdi-quattro-4x4-cerchi-16-start-stop-78-000km_2814.htm;http://photohd.gestionaleauto.com/autounica/7440313/7440313_O_58a181e7737c3.jpg;Da Autounica a Brescia;Audi Q3 2.0 TDI QUATTRO;AUDI;€ 19.900;78.373 Km; Novembre 2012; Diesel; 103KW / 140CV; Manuale; Nero metallizzato; Nero - Tessuto;- Brescia, BS - Via Valcamonica, 19/h - 45,5471165 ,10,1638985
7440337;BMW 320 D BERLINA;http://www.autounica.com/it/bmw/320-d-berlina-automatica-cerchi-17-clima-bi-zona_2815.htm;http://photohd.gestionaleauto.com/autounica/7440337/7440337_O_58a1835b52153.jpg;Da Autounica a Brescia;Bmw 320D Berlina euro 5A;BMW;€ 12.500;167.568 Km; Marzo 2011; Diesel; 135KW / 184CV; Automatico; Nero metallizzato; Nero - Tessuto;- Brescia, BS - Via Valcamonica, 19/h - 45,5471165 ,10,1638985
7440319;BMW 116 D ELETTA 5 PORTE;http://www.autounica.com/it/bmw/116-d-eletta-5-porte-cerchi-16-radio-cd-ottima_2816.htm;http://photohd.gestionaleauto.com/autounica/7440319/7440319_O_58a1827f7d1c7.jpg;Da Autounica a Brescia;Bmw 116D Eletta 5 Porte;BMW;€ 13.900;128.000 Km; Giugno 2012; Diesel; 85KW / 116CV; Manuale; Nero metallizzato; Nero - Tessuto;- Brescia, BS - Via Valcamonica, 19/h - 45,5471165 ,10,1638985
7440323;BMW 118 D 2.0 5 PORTE;http://www.autounica.com/it/bmw/118-d-2-0-5-porte-futura-sensori-cruise-xenon_2817.htm;http://photohd.gestionaleauto.com/autounica/7440323/7440323_O_58a182b4d0e07.jpg;Da Autounica a Brescia;Bmw 118 D 2.0 5 PORTE;BMW;€ 11.900;124.630 Km; Giugno 2010; Diesel; 105KW / 143CV; Manuale; Nero metallizzato; Nero - Tessuto;- Brescia, BS - Via Valcamonica, 19/h - 45,5471165 ,10,1638985
7440363;CHEVROLET Cruze 1.7;http://www.autounica.com/it/chevrolet/cruze-1-7-diesel-station-wagon-lt-sens-cruise-cerchi_2818.htm;http://photohd.gestionaleauto.com/autounica/7440363/7440363_O_58a184d483f33.jpg;Da Autounica a Brescia;Chevrolet Cruze 1.7;CHEVROLET;€ 9.500;133.526 Km; Settembre 2013; Diesel; 96KW / 131CV; Manuale; Nero metallizzato; Nero - Tessuto;- Brescia, BS - Via Valcamonica, 19/h - 45,5471165 ,10,1638985
7440310;AUDI A6 AVANT 3.0 V6 TDI;http://www.autounica.com/it/audi/a6-avant-3-0-v6-tdi-quattro-tiptronic-s-line-aut-navi_2819.htm;http://photohd.gestionaleauto.com/autounica/7440310/7440310_O_58a181b610dae.jpg;Da Autounica a Brescia;Audi A6 AVANT 3.0 V6 TDI;AUDI;€ 18.900;122.343 Km; Dicembre 2010; Diesel; 176KW / 239CV; Automatico; Grigio metallizzato; Nero - Pelle;- Brescia, BS - Via Valcamonica, 19/h - 45,5471165 ,10,1638985
7440271;AUDI A4 2.0 TDI QUATTRO;http://www.autounica.com/it/audi/a4-2-0-tdi-quattro-s-tronic-advanced-berlina-navi_2820.htm;http://photohd.gestionaleauto.com/autounica/7440271/7440271_O_58a17f4f1a515.jpg;Da Autounica a Brescia;Audi A4 2.0 TDI QUATTRO;AUDI;€ 24.900;41.837 Km; Aprile 2013; Diesel; 130KW / 177CV; Automatico; Argento metallizzato; Nero - Tessuto;- Brescia, BS - Via Valcamonica, 19/h - 45,5471165 ,10,1638985
7440317;AUDI Q3 2.0 TDI QUATTRO;http://www.autounica.com/it/audi/q3-2-0-tdi-quattro-s-tronic-4x4-aut-xenon-28-000-km_2821.htm;http://photohd.gestionaleauto.com/autounica/7440317/7440317_O_58a182147fb5e.jpg;Da Autounica a Brescia;Audi Q3 2.0 TDI QUATTRO;AUDI;€ 31.900;28.752 Km; Settembre 2015; Diesel; 110KW / 150CV; Automatico; Argento metallizzato; Nero - Tessuto;- Brescia, BS - Via Valcamonica, 19/h - 45,5471165 ,10,1638985
7440379;FIAT 500 1.4 LOUNGE TETTO;http://www.autounica.com/it/fiat/500-1-4-lounge-tetto-panoram-sensori-bluetooth_2822.htm;http://photohd.gestionaleauto.com/autounica/7440379/7440379_O_58a1865c9286d.jpg;Da Autounica a Brescia;Fiat 500 1.4 LOUNGE euro;FIAT;€ 6.900;130.075 Km; Maggio 2008; Benzina; 73KW / 99CV; Manuale; Rosso pastello; Grigio - Tessuto;- Brescia, BS - Via Valcamonica, 19/h - 45,5471165 ,10,1638985
7440318;AUDI Q5 2.0 TDI QUATTRO;http://www.autounica.com/it/audi/q5-2-0-tdi-quattro-4x4-sens-cerchi-17-cruise_2823.htm;http://photohd.gestionaleauto.com/autounica/7440318/7440318_O_58a1825aeb701.jpg;Da Autounica a Brescia;Audi Q5 2.0 TDI QUATTRO;AUDI;€ 19.500;120.620 Km; Aprile 2010; Diesel; 105KW / 143CV; Manuale; Nero metallizzato; Grigio - Tessuto;- Brescia, BS - Via Valcamonica, 19/h - 45,5471165 ,10,1638985
7440354;BMW X3 2.0D ATTIVA 4X4;http://www.autounica.com/it/bmw/x3-2-0d-attiva-4x4-xenon-sensori-cerchi-18-cruise_2824.htm;http://photohd.gestionaleauto.com/autounica/7440354/7440354_O_58a1849105c21.jpg;Da Autounica a Brescia;Bmw X3 2.0D ATTIVA 4X4;BMW;€ 11.900;120.741 Km; Marzo 2006; Diesel; 110KW / 150CV; Manuale; Nero metallizzato; Grigio - Tessuto;- Brescia, BS - Via Valcamonica, 19/h - 45,5471165 ,10,1638985
7440341;BMW 320 D CABRIO FUTURA;http://www.autounica.com/it/bmw/320-d-cabrio-futura-aut-pelle-xenon-sens-81-000-km_2825.htm;http://photohd.gestionaleauto.com/autounica/7440341/7440341_O_58a183926afc7.jpg;Da Autounica a Brescia;Bmw 320 D CABRIO FUTURA;BMW;€ 19.900;81.703 Km; Luglio 2010; Diesel; 130KW / 177CV; Automatico; Nero metallizzato; Beige - Pelle;- Brescia, BS - Via Valcamonica, 19/h - 45,5471165 ,10,1638985
7440350;BMW 730 D FUTURA AUT;http://www.autounica.com/it/bmw/730-d-futura-aut-pelle-beige-sens-xenon-cerchi-19-_2826.htm;http://photohd.gestionaleauto.com/autounica/7440350/7440350_O_58a1842399023.jpg;Da Autounica a Brescia;Bmw 730 D Futura euro 4;BMW;€ 7.900;290.455 Km; Settembre 2005; Diesel; 160KW / 218CV; Automatico; Nero metallizzato; Beige - Pelle;- Brescia, BS - Via Valcamonica, 19/h - 45,5471165 ,10,1638985
7440332;BMW 318 D LUXURY BERLINA;http://www.autounica.com/it/bmw/318-d-luxury-berlina-aut-pelle-xenon-sens-led-unipropr_2827.htm;http://photohd.gestionaleauto.com/autounica/7440332/7440332_O_58a1833278a11.jpg;Da Autounica a Brescia;Bmw 318 D D LUXURY;BMW;€ 18.900;86.999 Km; Marzo 2012; Diesel; 105KW / 143CV; Automatico; Blu metallizzato; Beige - Pelle;- Brescia, BS - Via Valcamonica, 19/h - 45,5471165 ,10,1638985
7440305;AUDI A5 CABRIO 3.0 V6 TDI;http://www.autounica.com/it/audi/a5-cabrio-3-0-v6-tdi-quattro-s-tronic-4x4-aut-pelle_2828.htm;http://photohd.gestionaleauto.com/autounica/7440305/7440305_O_58a1818b3e4f6.jpg;Da Autounica a Brescia;Audi A5 CABRIO 3.0 V6;AUDI;€ 24.900;120.114 Km; Marzo 2011; Diesel; 176KW / 239CV; Automatico; Blu metallizzato; Marrone - Pelle;- Brescia, BS - Via Valcamonica, 19/h - 45,5471165 ,10,1638985
7440383;FIAT 500C C 1.2 LOUNGE;http://www.autounica.com/it/fiat/500c-c-1-2-lounge-neopatent-pelle-sens-solo-60-000-km_2829.htm;http://photohd.gestionaleauto.com/autounica/7440383/7440383_O_58a186820f9f6.jpg;Da Autounica a Brescia;Fiat 500C C 1.2 LOUNGE;FIAT;€ 9.900;60.650 Km; Aprile 2011; Benzina; 51KW / 69CV; Manuale; Bianco pastello; Nero - Pelle/Tessuto;- Brescia, BS - Via Valcamonica, 19/h - 45,5471165 ,10,1638985
7440744;MINI Countryman COOPER S;http://www.autounica.com/it/mini/countryman-cooper-s-all4-4x4-aut-pelle-navi-xenon-cerchi-18-_2830.htm;http://photohd.gestionaleauto.com/autounica/7440744/7440744_O_58a18ff5bc802.jpg;Da Autounica a Brescia;Mini Countryman Cooper S;MINI;€ 20.900;74.741 Km; Gennaio 2013; Benzina; 135KW / 184CV; Automatico; Bianco pastello; Nero - Pelle;- Brescia, BS - Via Valcamonica, 19/h - 45,5471165 ,10,1638985
7440593;MERCEDES-BENZ A 200 CDI;http://www.autounica.com/it/mercedes-benz/a-200-cdi-automatic-sport-aut-pelle-navi-sens-xenon-led_2831.htm;http://photohd.gestionaleauto.com/autounica/7440593/7440593_O_58a18c5a6b10e.jpg;Da Autounica a Brescia;Mercedes-Benz A 200 CDI;MERCEDES-BENZ;€ 21.900;123.275 Km; Febbraio 2014; Diesel; 100KW / 136CV; Automatico; Bianco pastello; Nero - Pelle/Tessuto;- Brescia, BS - Via Valcamonica, 19/h - 45,5471165 ,10,1638985
7440590;MERCEDES-BENZ A 180 CDI 5;http://www.autounica.com/it/mercedes-benz/a-180-cdi-5-porte-pelle-navi-tetto-sens-cruise-cerchi-17_2832.htm;http://photohd.gestionaleauto.com/autounica/7440590/7440590_O_58a18c3e149d8.jpg;Da Autounica a Brescia;Mercedes-Benz A 180 Cdi 5;MERCEDES-BENZ;€ 9.900;138.981 Km; Giugno 2009; Diesel; 80KW / 109CV; Manuale; Bianco pastello; Nero - Pelle;- Brescia, BS - Via Valcamonica, 19/h - 45,5471165 ,10,1638985
7440484;HONDA Jazz 1.4 I-VTEC;http://www.autounica.com/it/honda/jazz-1-4-i-vtec-appeal-cruise-solo-8-000-km-nuova_2833.htm;;Da Autounica a Brescia;Honda Jazz 1.4 I-VTEC;HONDA;€ 11.900;8.611 Km; Luglio 2014; Benzina; 73KW / 99CV; Manuale; Marrone metallizzato; Nero - Tessuto;- Brescia, BS - Via Valcamonica, 19/h - 45,5471165 ,10,1638985
7440571;MAZDA 6 2.2 CD WAGON;http://www.autounica.com/it/mazda/6-2-2-cd-wagon-executive-plus-sens-cruise-84-000-km_2834.htm;http://photohd.gestionaleauto.com/autounica/7440571/7440571_O_58a18be85f2b9.jpg;Da Autounica a Brescia;Mazda 6 2.2 CD WAGON;MAZDA;€ 14.900;84.041 Km; Novembre 2012; Diesel; 120KW / 163CV; Manuale; Grigio scuro metalli; Nero - Tessuto;- Brescia, BS - Via Valcamonica, 19/h - 45,5471165 ,10,1638985
7440700;MERCEDES-BENZ Viano 3.0;http://www.autounica.com/it/mercedes-benz/viano-3-0-cdi-trend-aut-7-posti-pelle-xenon-sens-tetto_2835.htm;;Da Autounica a Brescia;Mercedes-Benz Viano 3.0;MERCEDES-BENZ;€ 20.900;253.135 Km; Gennaio 2012; Diesel; 165KW / 224CV; Automatico; Antracite metallizza; Nero - Pelle;- Brescia, BS - Via Valcamonica, 19/h - 45,5471165 ,10,1638985
7440445;FIAT Punto 1.4 5 PORTE;http://www.autounica.com/it/fiat/punto-1-4-5-porte-natural-power-easy-metano-neopatentat_2836.htm;http://photohd.gestionaleauto.com/autounica/7440445/7440445_O_58a188d0b7d59.jpg;Da Autounica a Brescia;Fiat Punto 1.4 5 PORTE;FIAT;€ 8.900;76.845 Km; Gennaio 2013; Benzina/Metano; 57KW / 77CV; Manuale; Antracite metallizza; Nero - Tessuto;- Brescia, BS - Via Valcamonica, 19/h - 45,5471165 ,10,1638985
7440451;FORD B-Max 1.6 POWERSHIFT;http://www.autounica.com/it/ford/b-max-1-6-powershift-titanium-aut-tetto-telecam-sens_2837.htm;http://photohd.gestionaleauto.com/autounica/7440451/7440451_O_58a188f2640c1.jpg;Da Autounica a Brescia;Ford B-Max 1.6;FORD;€ 12.500;75.473 Km; Marzo 2013; Benzina; 77KW / 105CV; Automatico; champagne metallizza; Nero - Tessuto;- Brescia, BS - Via Valcamonica, 19/h - 45,5471165 ,10,1638985
7440385;FIAT 500C C 1.3 MULTIJET;http://www.autounica.com/it/fiat/500c-c-1-3-multijet-lounge-neopate-pelle-sens-97-000-km_2838.htm;http://photohd.gestionaleauto.com/autounica/7440385/7440385_O_58a186d3ab551.jpg;Da Autounica a Brescia;Fiat 500C C 1.3 MULTIJET;FIAT;€ 9.900;97.813 Km; Novembre 2009; Diesel; 55KW / 75CV; Manuale; Nero metallizzato; Nero - Pelle/Tessuto;- Brescia, BS - Via Valcamonica, 19/h - 45,5471165 ,10,1638985
7440428;FIAT Grande Punto 1.4 3;http://www.autounica.com/it/fiat/grande-punto-1-4-3-porte-dynamic-sport-cerchi-clima-radio-cd_2839.htm;;Da Autounica a Brescia;Fiat Grande Punto 1.4 3;FIAT;€ 4.500;151.419 Km; Giugno 2007; Benzina; 70KW / 95CV; Manuale; Nero metallizzato; Nero - Tessuto;- Brescia, BS - Via Valcamonica, 19/h - 45,5471165 ,10,1638985
7440660;MERCEDES-BENZ GLK 220 CDI;http://www.autounica.com/it/mercedes-benz/glk-220-cdi-4-matic-blueefficiency-sport-4x4-aut-pelle_2840.htm;http://photohd.gestionaleauto.com/autounica/7440660/7440660_O_58a18dc7b3938.jpg;Da Autounica a Brescia;Mercedes-Benz GLK;MERCEDES-BENZ;€ 19.900;104.841 Km; Luglio 2009; Diesel; 125KW / 170CV; Automatico; Nero metallizzato; Nero - Pelle/Tessuto;- Brescia, BS - Via Valcamonica, 19/h - 45,5471165 ,10,1638985
7440577;MERCEDES-BENZ A 160 CDI 5;http://www.autounica.com/it/mercedes-benz/a-160-cdi-5-porte-automatica-neopatentati-cruise_2841.htm;http://photohd.gestionaleauto.com/autounica/7440577/7440577_O_58a18c0283b63.jpg;Da Autounica a Brescia;Mercedes-Benz A 160 CDI;MERCEDES-BENZ;€ 10.500;148.186 Km; Marzo 2011; Diesel; 60KW / 82CV; Automatico; Nero metallizzato; Nero - Tessuto;- Brescia, BS - Via Valcamonica, 19/h - 45,5471165 ,10,1638985
7440625;MERCEDES-BENZ C 200 CDI;http://www.autounica.com/it/mercedes-benz/c-200-cdi-blueefficiency-avantgarde-berlina-aut-navi_2842.htm;http://photohd.gestionaleauto.com/autounica/7440625/7440625_O_58a18d117d1d7.jpg;Da Autounica a Brescia;Mercedes-Benz C 200 CDI;MERCEDES-BENZ;€ 20.900;79.788 Km; Maggio 2012; Diesel; 100KW / 136CV; Automatico; Grigio metallizzato; Nero - Pelle/Tessuto;- Brescia, BS - Via Valcamonica, 19/h - 45,5471165 ,10,1638985
7440609;MERCEDES-BENZ B 180 CDI;http://www.autounica.com/it/mercedes-benz/b-180-cdi-blueefficiency-executive-navi-xenon-led_2843.htm;;Da Autounica a Brescia;Mercedes-Benz B 180 CDI;MERCEDES-BENZ;€ 14.900;138.352 Km; Luglio 2012; Diesel; 80KW / 109CV; Manuale; Grigio metallizzato; Nero - Tessuto;- Brescia, BS - Via Valcamonica, 19/h - 45,5471165 ,10,1638985
7440728;MINI Cooper 1.6 COOPER;http://www.autounica.com/it/mini/cooper-1-6-cooper-cabrio-cerchi-17-sensori_2844.htm;http://photohd.gestionaleauto.com/autounica/7440728/7440728_O_58a18fabe753f.jpg;Da Autounica a Brescia;Mini Cooper Cabrio euro 4;MINI;€ 6.900;167.556 Km; Febbraio 2007; Benzina; 85KW / 116CV; Manuale; Blu metallizzato; Nero - Tessuto;- Brescia, BS - Via Valcamonica, 19/h - 45,5471165 ,10,1638985
7440654;MERCEDES-BENZ E 220 CDI;http://www.autounica.com/it/mercedes-benz/e-220-cdi-coupe-blueefficiency-amg-aut-pelle-navi-xenon_2845.htm;http://photohd.gestionaleauto.com/autounica/7440654/7440654_O_58a18da8ac2e3.jpg;Da Autounica a Brescia;Mercedes-Benz E 220 CDI;MERCEDES-BENZ;€ 20.900;103.519 Km; Giugno 2011; Diesel; 125KW / 170CV; Automatico; Blu metallizzato; Nero - Pelle;- Brescia, BS - Via Valcamonica, 19/h - 45,5471165 ,10,1638985
7440600;MERCEDES-BENZ B 180 CDI 5;http://www.autounica.com/it/mercedes-benz/b-180-cdi-5-porte-cerchi-16-radio-cd-ottima_2846.htm;;Da Autounica a Brescia;Mercedes-Benz B 180 CDI;MERCEDES-BENZ;€ 6.900;151.749 Km; Dicembre 2006; Diesel; 80KW / 109CV; Manuale; Argento metallizzato; Nero - Tessuto;- Brescia, BS - Via Valcamonica, 19/h - 45,5471165 ,10,1638985
7440713;MINI Cooper 1.6 16V;http://www.autounica.com/it/mini/cooper-1-6-16v-cooper-aut-pelle-cruise-solo-43-000-km_2847.htm;http://photohd.gestionaleauto.com/autounica/7440713/7440713_O_58a18f5f33e2b.jpg;Da Autounica a Brescia;Mini Cooper 1.6 16V;MINI;€ 13.900;43.165 Km; Settembre 2011; Benzina; 90KW / 122CV; Automatico; Argento metallizzato; Nero - Pelle;- Brescia, BS - Via Valcamonica, 19/h - 45,5471165 ,10,1638985
7440634;MERCEDES-BENZ CLS 320 CDI;http://www.autounica.com/it/mercedes-benz/cls-320-cdi-sport-aut-pelle-navi-cerchi-18-xenon-sens_2848.htm;http://photohd.gestionaleauto.com/autounica/7440634/7440634_O_58a18d4293713.jpg;Da Autounica a Brescia;Mercedes-Benz CLS;MERCEDES-BENZ;€ 18.900;108.814 Km; Gennaio 2008; Diesel; 165KW / 224CV; Automatico; Argento metallizzato; Nero - Pelle;- Brescia, BS - Via Valcamonica, 19/h - 45,5471165 ,10,1638985
7440482;FORD Kuga + 2.0 TDCI 2WD;http://www.autounica.com/it/ford/kuga-+-2-0-tdci-2wd-business-sens-solo-52-000-km_2849.htm;http://photohd.gestionaleauto.com/autounica/7440482/7440482_O_58a189bfbecf9.jpg;Da Autounica a Brescia;Ford Kuga + 2.0 TDCI 2WD;FORD;€ 15.900;52.066 Km; Ottobre 2012; Diesel; 103KW / 140CV; Manuale; Argento metallizzato; Nero - Tessuto;- Brescia, BS - Via Valcamonica, 19/h - 45,5471165 ,10,1638985
7440520;JEEP Wrangler 2.8 CRD DPF;http://www.autounica.com/it/jeep/wrangler-2-8-crd-dpf-sport-auto-4x4-cerchi-17-cruise_2850.htm;http://photohd.gestionaleauto.com/autounica/7440520/7440520_O_58a18ad147dd8.jpg;Da Autounica a Brescia;Jeep Wrangler 2.8 CRD;JEEP;€ 19.900;100.746 Km; Febbraio 2011; Diesel; 130KW / 177CV; Automatico; Argento metallizzato; Grigio - Tessuto;- Brescia, BS - Via Valcamonica, 19/h - 45,5471165 ,10,1638985
7440620;MERCEDES-BENZ B 180 CDI;http://www.autounica.com/it/mercedes-benz/b-180-cdi-sport-pelle-sensori-cerchi-17-_2851.htm;http://photohd.gestionaleauto.com/autounica/7440620/7440620_O_58a18ce7318b8.jpg;Da Autounica a Brescia;Mercedes-Benz B 180 CDI;MERCEDES-BENZ;€ 8.900;123.101 Km; Gennaio 2007; Diesel; 80KW / 109CV; Manuale; Nero metallizzato; Grigio - Pelle;- Brescia, BS - Via Valcamonica, 19/h - 45,5471165 ,10,1638985
7440471;FORD Fiesta + 1.4 3 PORTE;http://www.autounica.com/it/ford/fiesta-+-1-4-3-porte-gpl-solo-96-000-km_2852.htm;http://photohd.gestionaleauto.com/autounica/7440471/7440471_O_58a1895f5046d.jpg;Da Autounica a Brescia;Ford Fiesta + 1.4 3;FORD;€ 7.500;96.952 Km; Aprile 2011; Benzina/GPL; 71KW / 97CV; Manuale; Bianco pastello; Blu - Tessuto;- Brescia, BS - Via Valcamonica, 19/h - 45,5471165 ,10,1638985
7440548;LAND ROVER Range Rover;http://www.autounica.com/it/land-rover/range-rover-evoque-2-2-sd4-5-porte-pure-pelle-beige-sens-cerchi-18-_2853.htm;http://photohd.gestionaleauto.com/autounica/7440548/7440548_O_58a18b7464af1.jpg;Da Autounica a Brescia;Land Rover Range Rover;LAND ROVER;€ 24.900;169.307 Km; Dicembre 2011; Diesel; 140KW / 190CV; Manuale; Blu metallizzato; Beige - Pelle;- Brescia, BS - Via Valcamonica, 19/h - 45,5471165 ,10,1638985
7440440;FIAT Panda 1.2 EASY;http://www.autounica.com/it/fiat/panda-1-2-easy-neopatentati-solo-28-000-km_2854.htm;http://photohd.gestionaleauto.com/autounica/7440440/7440440_O_58a188a4a8684.jpg;Da Autounica a Brescia;Fiat Panda 1.2 EASY euro;FIAT;€ 7.900;28.979 Km; Gennaio 2015; Benzina; 51KW / 69CV; Manuale; Blu metallizzato; Beige - Tessuto;- Brescia, BS - Via Valcamonica, 19/h - 45,5471165 ,10,1638985
7440563;LEXUS IS 220d 2.2 16V;http://www.autounica.com/it/lexus/is-220d-2-2-16v-pelle-beige-cruise-cerchi-17-clima-bi-zon_2855.htm;http://photohd.gestionaleauto.com/autounica/7440563/7440563_O_58a18bcd6ec36.jpg;Da Autounica a Brescia;Lexus IS 220d 2.2 16V;LEXUS;€ 7.900;195.040 Km; Dicembre 2006; Diesel; 130KW / 177CV; Manuale; Nero metallizzato; Beige - Pelle;- Brescia, BS - Via Valcamonica, 19/h - 45,5471165 ,10,1638985
7440553;LAND ROVER Range Rover;http://www.autounica.com/it/land-rover/range-rover-sport-3-0-sdv6-autobiography-aut-pelle-navi-xenon-teleca_2856.htm;http://photohd.gestionaleauto.com/autounica/7440553/7440553_O_58a18b9acf048.jpg;Da Autounica a Brescia;Land Rover Range Rover;LAND ROVER;€ 37.900;113.762 Km; Ottobre 2012; Diesel; 183KW / 249CV; Automatico; Blu metallizzato; Beige - Pelle;- Brescia, BS - Via Valcamonica, 19/h - 45,5471165 ,10,1638985
7440541;LANCIA Delta 1.9 MJT;http://www.autounica.com/it/lancia/delta-1-9-mjt-twinturbo-oro-navi-pelle-tetto-led_2857.htm;http://photohd.gestionaleauto.com/autounica/7440541/7440541_O_58a18b4b24d73.jpg;Da Autounica a Brescia;Lancia Delta 1.9 MJT;LANCIA;€ 8.900;177.514 Km; Settembre 2009; Diesel; 139KW / 189CV; Manuale; Nero metallizzato; Marrone - Pelle;- Brescia, BS - Via Valcamonica, 19/h - 45,5471165 ,10,1638985
7441777;OPEL Astra 1.7 CDTI;http://www.autounica.com/it/opel/astra-1-7-cdti-sports-tourer-elective-navi-cruise_2858.htm;http://photohd.gestionaleauto.com/autounica/7441777/7441777_O_58a1d021a3e21.jpg;Da Autounica a Brescia;Opel Astra 1.7 CDTI;OPEL;€ 9.500;112.733 Km; Maggio 2012; Diesel; 81KW / 110CV; Manuale; Antracite metallizza; Nero - Tessuto;- Brescia, BS - Via Valcamonica, 19/h - 45,5471165 ,10,1638985
7441847;OPEL Meriva 1.4 T GPL;http://www.autounica.com/it/opel/meriva-1-4-t-gpl-tech-elective-cruise-cerchi-65-000-km_2859.htm;http://photohd.gestionaleauto.com/autounica/7441847/7441847_O_58a1d31b79dfd.jpg;Da Autounica a Brescia;Opel Meriva 1.4 T GPL;OPEL;€ 11.900;65.480 Km; Gennaio 2014; Benzina/GPL; 88KW / 120CV; Manuale; champagne metallizza; Nero - Tessuto;- Brescia, BS - Via Valcamonica, 19/h - 45,5471165 ,10,1638985
7441755;MINI One 1.2 ONE;http://www.autounica.com/it/mini/one-1-2-one-neopatentati-solo-18-000-km-nuova_2860.htm;http://photohd.gestionaleauto.com/autounica/7441755/7441755_O_58a1cf46edb6c.jpg;Da Autounica a Brescia;Mini One 1.2 euro 6B;MINI;€ 14.500;18.753 Km; Dicembre 2014; Benzina; 55KW / 75CV; Manuale; Azzurro metallizzato; Nero - Tessuto;- Brescia, BS - Via Valcamonica, 19/h - 45,5471165 ,10,1638985
7441845;OPEL Insignia 2.0 CDTI;http://www.autounica.com/it/opel/insignia-2-0-cdti-berlina-aut-cosmo-pelle-sens-cerchi-18-_2861.htm;http://photohd.gestionaleauto.com/autounica/7441845/7441845_O_58a1d2f43bddf.jpg;Da Autounica a Brescia;Opel Insignia 2.0 CDTI;OPEL;€ 10.900;119.056 Km; Giugno 2010; Diesel; 118KW / 160CV; Automatico; Nero metallizzato; Nero - Pelle/Tessuto;- Brescia, BS - Via Valcamonica, 19/h - 45,5471165 ,10,1638985
7441758;NISSAN Micra 1.5D 3 PORTE;http://www.autounica.com/it/nissan/micra-1-5d-3-porte-visia-pelle-neopatentati-clima-auto_2862.htm;http://photohd.gestionaleauto.com/autounica/7441758/7441758_O_58a1cf7141660.jpg;Da Autounica a Brescia;Nissan Micra 1.5D 3;NISSAN;€ 2.900;198.345 Km; Dicembre 2003; Diesel; 48KW / 65CV; Manuale; Nero metallizzato; Beige - Pelle/Tessuto;- Brescia, BS - Via Valcamonica, 19/h - 45,5471165 ,10,1638985
7442462;AUDI A2 1.4 TDI;http://www.autounica.com/it/audi/a2-1-4-tdi-neopatentati-tetto-solo-123-000-km_2863.htm;http://photohd.gestionaleauto.com/autounica/7442462/7442462_O_58a1f965ce9f6.jpg;Da Autounica a Brescia;Audi A2 1.4 TDI euro 3;AUDI;€ 4.900;123.553 Km; Gennaio 2002; Diesel; 55KW / 75CV; Manuale; Nero metallizzato; Grigio - Tessuto;- Brescia, BS - Via Valcamonica, 19/h - 45,5471165 ,10,1638985
7444888;PEUGEOT 207 1.6 THP CC;http://www.autounica.com/it/peugeot/207-1-6-thp-cc-feline-pelle-sens-xenon-solo-58-000-km_2864.htm;http://photohd.gestionaleauto.com/autounica/7444888/7444888_O_58a2c4905ea3a.jpg;Da Autounica a Brescia;Peugeot 207 1.6 THP CC;PEUGEOT;€ 8.900;58.579 Km; Giugno 2011; Benzina; 115KW / 156CV; Manuale; Bianco pastello; Nero - Pelle;- Brescia, BS - Via Valcamonica, 19/h - 45,5471165 ,10,1638985
7444771;OPEL Zafira Tourer 2.0;http://www.autounica.com/it/opel/zafira-tourer-2-0-cdti-cosmo-7-posti-sens-cerchi-18-60-000-km_2865.htm;http://photohd.gestionaleauto.com/autounica/7444771/7444771_O_58a2c1e1b8016.jpg;Da Autounica a Brescia;Opel Zafira 2.0 CDTI;OPEL;€ 14.900;60.477 Km; Ottobre 2012; Diesel; 96KW / 131CV; Manuale; Grigio scuro metalli; Nero - Tessuto;- Brescia, BS - Via Valcamonica, 19/h - 45,5471165 ,10,1638985
7444906;RENAULT Grand Scenic 1.9;http://www.autounica.com/it/renault/grand-scenic-1-9-dci-7-posti-cerchi-16-ottima_2866.htm;http://photohd.gestionaleauto.com/autounica/7444906/7444906_O_58a2c4f14f21c.jpg;Da Autounica a Brescia;Renault Grande;RENAULT;€ 5.900;176.198 Km; Novembre 2007; Diesel; 96KW / 131CV; Manuale; champagne metallizza; Nero - Tessuto;- Brescia, BS - Via Valcamonica, 19/h - 45,5471165 ,10,1638985
7445121;SMART ForFour 90 0.9;http://www.autounica.com/it/smart/forfour-90-0-9-turbo-twinamic-passion-cabrio-aut-15-000-km_2867.htm;http://photohd.gestionaleauto.com/autounica/7445121/7445121_O_58a2c9e24ce05.jpg;Da Autounica a Brescia;Smart Forfour 90 0.9;SMART;€ 14.500;15.017 Km; Luglio 2016; Benzina; 66KW / 90CV; Automatico; Bianco pastello; Nero - Tessuto;- Brescia, BS - Via Valcamonica, 19/h - 45,5471165 ,10,1638985
7445099;RENAULT Twingo 1.2 16V;http://www.autounica.com/it/renault/twingo-1-2-16v-tce-gt-gordini-pelle-cerchi-cruise_2868.htm;http://photohd.gestionaleauto.com/autounica/7445099/7445099_O_58a2c9645ea15.jpg;Da Autounica a Brescia;Renault Twingo 1.2 16V;RENAULT;€ 4.500;136.904 Km; Maggio 2011; Benzina; 75KW / 102CV; Manuale; Nero metallizzato; Nero - Pelle;- Brescia, BS - Via Valcamonica, 19/h - 45,5471165 ,10,1638985
7445186;SMART ForTwo 1000 CABRIO;http://www.autounica.com/it/smart/fortwo-1000-cabrio-pulse-sequenziale-radio-cd-ottima_2869.htm;http://photohd.gestionaleauto.com/autounica/7445186/7445186_O_58a2cafc3242e.jpg;Da Autounica a Brescia;Smart Fortwo 1000 Cabrio;SMART;€ 5.500;131.000 Km; Settembre 2007; Benzina; 62KW / 84CV; Sequenziale; Nero pastello; Nero - Tessuto;- Brescia, BS - Via Valcamonica, 19/h - 45,5471165 ,10,1638985
7447410;BMW 116 I 5 PORTE UNIQUE;http://www.autounica.com/it/bmw/116-i-5-porte-unique-aut-sens-start-stop-95-000-km_2870.htm;http://photohd.gestionaleauto.com/autounica/7447410/7447410_O_58a3356769ace.jpg;Da Autounica a Brescia;Bmw I 5 PORTE  euro 5;BMW;€ 13.900;95.548 Km; Dicembre 2011; Benzina; 100KW / 136CV; Automatico; Rosso pastello; Nero - Tessuto;- Brescia, BS - Via Valcamonica, 19/h - 45,5471165 ,10,1638985
7447886;LEXUS IS 220d SPORT NAVI;http://www.autounica.com/it/lexus/is-220d-sport-navi-telecam-pelle-sens-cruise-cerchi-17-_2871.htm;http://photohd.gestionaleauto.com/autounica/7447886/7447886_O_58a34a9cdb774.jpg;Da Autounica a Brescia;Lexus IS 220D sport euro;LEXUS;€ 11.900;132.800 Km; Dicembre 2009; Diesel; 130KW / 177CV; Manuale; Bianco perlato; Nero - Pelle;- Brescia, BS - Via Valcamonica, 19/h - 45,5471165 ,10,1638985
7448498;MERCEDES-BENZ B 180 CDI;http://www.autounica.com/it/mercedes-benz/b-180-cdi-blueefficiency-premium-aut-navi-pelle-bixenon_2872.htm;http://photohd.gestionaleauto.com/autounica/7448498/7448498_O_58a4188aac519.jpg;Da Autounica a Brescia;Mercedes-Benz B 180 CDI;MERCEDES-BENZ;€ 16.900;110.450 Km; Luglio 2012; Diesel; 80KW / 109CV; Automatico; Bianco pastello; Bianco - Pelle;- Brescia, BS - Via Valcamonica, 19/h - 45,5471165 ,10,1638985
7450140;FIAT Grande Punto 1.4 5;http://www.autounica.com/it/fiat/grande-punto-1-4-5-porte-active-neopatentati-solo-45-000-km_2873.htm;http://photohd.gestionaleauto.com/autounica/7450140/7450140_O_58a42f2f9808e.jpg;Da Autounica a Brescia;Fiat Grande Punto 1.4 5;FIAT;€ 6.900;45.581 Km; Aprile 2009; Benzina; 57KW / 77CV; Manuale; Blu metallizzato; Blu - Tessuto;- Brescia, BS - Via Valcamonica, 19/h - 45,5471165 ,10,1638985
7455470;TOYOTA RAV 4 2.2 D-CAT;http://www.autounica.com/it/toyota/rav-4-2-2-d-cat-a/t-executive-4x4-autom-pelle-sens_2874.htm;http://photohd.gestionaleauto.com/autounica/7455470/7455470_O_58a573a73974a.jpg;Da Autounica a Brescia;Toyota Rav 4 RAV4;TOYOTA;€ 15.900;91.739 Km; Novembre 2010; Diesel; 110KW / 150CV; Automatico; Bianco perlato; Nero - Pelle;- Brescia, BS - Via Valcamonica, 19/h - 45,5471165 ,10,1638985
7455464;TOYOTA Yaris 1.5 HYBRID 5;http://www.autounica.com/it/toyota/yaris-1-5-hybrid-5-porte-lounge-neopate-aut-navi-telecam_2875.htm;http://photohd.gestionaleauto.com/autounica/7455464/7455464_O_58a57355a166a.jpg;Da Autounica a Brescia;Toyota Yaris 1.5 HYBRID;TOYOTA;€ 12.900;55.204 Km; Aprile 2014; Elettrica/Benzina; 55KW / 75CV; Automatico; Bianco pastello; Nero - Tessuto;- Brescia, BS - Via Valcamonica, 19/h - 45,5471165 ,10,1638985
7455474;TOYOTA Corolla VERSO 1.6;http://www.autounica.com/it/toyota/corolla-verso-1-6-16v-sol-gpl-cerchi-cruise-104-000-km_2876.htm;http://photohd.gestionaleauto.com/autounica/7455474/7455474_O_58a573e867769.jpg;Da Autounica a Brescia;Toyota Corolla Verso 1.6;TOYOTA;€ 6.900;104.086 Km; Ottobre 2006; Benzina/GPL; 81KW / 110CV; Manuale; Antracite metallizza; Nero - Tessuto;- Brescia, BS - Via Valcamonica, 19/h - 45,5471165 ,10,1638985
7455467;TOYOTA Verso 2.0 D SOL;http://www.autounica.com/it/toyota/verso-2-0-d-sol-navi-sens-telecam-cruise-bluetooth_2877.htm;http://photohd.gestionaleauto.com/autounica/7455467/7455467_O_58a5737de2ead.jpg;Da Autounica a Brescia;Toyota Verso 2.0 D SOL;TOYOTA;€ 9.900;110.787 Km; Ottobre 2009; Diesel; 93KW / 126CV; Manuale; Azzurro metallizzato; Nero - Tessuto;- Brescia, BS - Via Valcamonica, 19/h - 45,5471165 ,10,1638985
7455454;VOLKSWAGEN Golf 1.6 TDI 5;http://www.autounica.com/it/volkswagen/golf-1-6-tdi-5-porte-comfortline-solo-62-000-km_2878.htm;http://photohd.gestionaleauto.com/autounica/7455454/7455454_O_58a5727258849.jpg;Da Autounica a Brescia;Volkswagen Golf 1.6 TDI;VOLKSWAGEN;€ 12.900;62.776 Km; Aprile 2012; Diesel; 77KW / 105CV; Manuale; Nero metallizzato; Nero - Tessuto;- Brescia, BS - Via Valcamonica, 19/h - 45,5471165 ,10,1638985
7455417;VOLKSWAGEN Golf 1.6 TDI;http://www.autounica.com/it/volkswagen/golf-1-6-tdi-dsg-5-porte-highline-aut-sens-42-000-km_2879.htm;http://photohd.gestionaleauto.com/autounica/7455417/7455417_O_58a570e4282c5.jpg;Da Autounica a Brescia;Volkswagen Golf 1.6 TDI;VOLKSWAGEN;€ 20.900;42.289 Km; Settembre 2014; Diesel; 81KW / 110CV; Automatico; Grigio metallizzato; Nero - Alcantara;- Brescia, BS - Via Valcamonica, 19/h - 45,5471165 ,10,1638985
7455460;VOLKSWAGEN Golf 1.6 TDI 3;http://www.autounica.com/it/volkswagen/golf-1-6-tdi-3-porte-highline-blue-tecno-solo-69-000-km_2880.htm;http://photohd.gestionaleauto.com/autounica/7455460/7455460_O_58a573111bbcb.jpg;Da Autounica a Brescia;Volkswagen Golf 7 1.6;VOLKSWAGEN;€ 15.900;69.298 Km; Gennaio 2014; Diesel; 77KW / 105CV; Manuale; Grigio metallizzato; Nero - Alcantara;- Brescia, BS - Via Valcamonica, 19/h - 45,5471165 ,10,1638985
7455390;VOLKSWAGEN Golf 2.0 TDI 5;http://www.autounica.com/it/volkswagen/golf-2-0-tdi-5-porte-trendline-sensori-clima-bi-zona_2881.htm;http://photohd.gestionaleauto.com/autounica/7455390/7455390_O_58a57028a0e12.jpg;Da Autounica a Brescia;Volkswagen Golf 2.0 TDI;VOLKSWAGEN;€ 8.900;158.226 Km; Luglio 2009; Diesel; 81KW / 110CV; Manuale; Blu metallizzato; Nero - Tessuto;- Brescia, BS - Via Valcamonica, 19/h - 45,5471165 ,10,1638985
7455749;SUZUKI Grand Vitara 1.6 3;http://www.autounica.com/it/suzuki/grand-vitara-1-6-3-porte-4x4-cerchi-solo-98-000-km_2882.htm;http://photohd.gestionaleauto.com/autounica/7455749/7455749_O_58a57eeb7abfe.jpg;Da Autounica a Brescia;Suzuki Grand Vitara 1.6;SUZUKI;€ 8.900;98.331 Km; Febbraio 2006; Benzina; 78KW / 106CV; Manuale; Grigio scuro metalli; Nero - Tessuto;- Brescia, BS - Via Valcamonica, 19/h - 45,5471165 ,10,1638985
7455842;SMART ForTwo 1000 COUPE';http://www.autounica.com/it/smart/fortwo-1000-coupe-pulse-autom-pelle-tetto-panoramico_2883.htm;http://photohd.gestionaleauto.com/autounica/7455842/7455842_O_58a5834e1ba40.jpg;Da Autounica a Brescia;Smart Fortwo 1000 COUPE';SMART;€ 4.900;133.791 Km; Aprile 2008; Benzina; 62KW / 84CV; Automatico; Nero pastello; Nero - Pelle/Tessuto;- Brescia, BS - Via Valcamonica, 19/h - 45,5471165 ,10,1638985
7400478;FORD Focus + 1.6 TDCI;http://www.autounica.com/it/ford/focus-+-1-6-tdci-station-wagon-neopatentati-clima-radio_2884.htm;http://photohd.gestionaleauto.com/autounica/7400478/7400478_O_5895e1725306c.jpg;Da Autounica a Brescia;Ford Focus + 1.6 TDCI;FORD;€ 3.900;187.305 Km; Maggio 2007; Diesel; 66KW / 90CV; Manuale; Argento metallizzato; Nero - Tessuto;- Brescia, BS - Via Valcamonica, 19/h - 45,5471165 ,10,1638985
7457378;FIAT 500 0.9 TWINAIR;http://www.autounica.com/it/fiat/500-0-9-twinair-turbo-lounge-aut-tetto-solo-91-000-km_2885.htm;http://photohd.gestionaleauto.com/autounica/7457378/7457378_O_58a5c6c29f87d.jpg;Da Autounica a Brescia;Fiat 500 0.9 TWINAIR;FIAT;€ 0;91.801 Km; Dicembre 2011; Benzina; 62KW / 84CV; Automatico; Nero metallizzato; Grigio - Tessuto;- Brescia, BS - Via Valcamonica, 19/h - 45,5471165 ,10,1638985
